Time,station_id,Taxi,Bus,Cargo,Private_Veh
0700-0800 ,2212,44.1,4.7,8.5,29.7
0800-0900 ,2212,39.3,3,9.4,40
0900-1000 ,2212,34,2.6,12.3,44.5
1000-1100 ,2212,19.7,1.5,15.9,58.5
1100-1200 ,2212,29.1,1.3,8.799999999999999,51.6
1200-1300 ,2212,26.1,2.3,9.1,55.1
1300-1400 ,2212,29.7,3.2,9.899999999999999,50.4
1400-1500 ,2212,28.8,1.7,11.700000000000001,53
1500-1600 ,2212,27.8,2.1,7.2,58.4
1600-1700 ,2212,29.5,2.4,6.8,55
1700-1800 ,2212,32.6,2.3,2.6,56.9
1800-1900 ,2212,32.6,2.5,2.3,57
1900-2000 ,2212,44,2.3,1,48.9
2000-2100 ,2212,42.5,1.5,0.4,49.9
2100-2200 ,2212,43.5,0.5,0.7,48.9
2200-2300 ,2212,39.1,0.5,0,56.2
0700-0800 ,5025,9.1,2.4,32.6,50
0800-0900 ,5025,8.7,1.3,35.9,50
0900-1000 ,5025,11.2,1.1,49.599999999999994,33.9
1000-1100 ,5025,11.3,0.8,51.4,32.8
1100-1200 ,5025,10.5,0.8,54.0,30.7
1200-1300 ,5025,11.8,1.1,49.0,33.6
1300-1400 ,5025,10,1.3,49.7,35
1400-1500 ,5025,8.5,1.5,51.2,35.1
1500-1600 ,5025,8.1,1.2,53.2,34.3
1600-1700 ,5025,7.4,1.7,48.6,37.8
1700-1800 ,5025,7.6,1.6,39.5,45.5
1800-1900 ,5025,7.2,1.6,24.3,61.8
1900-2000 ,5025,7.9,2.2,22.6,63
2000-2100 ,5025,11.4,1.8,20.9,60.9
2100-2200 ,5025,12.4,1.2,23.5,58.4
2200-2300 ,5025,13,0.6,15.9,66.6
0700-0800 ,4208,19.2,2.7,21.8,37.7
0800-0900 ,4208,17.5,2.2,19.5,47.6
0900-1000 ,4208,21,1.4,24.5,41.2
1000-1100 ,4208,24.9,0.6,31.6,33
1100-1200 ,4208,26.6,0.9,29.5,32.5
1200-1300 ,4208,28.4,1.6,26.0,34.8
1300-1400 ,4208,25.2,1.4,28.1,34.8
1400-1500 ,4208,23.9,1.5,27.4,36.6
1500-1600 ,4208,23,1.1,24.3,41.5
1600-1700 ,4208,21,1.3,24.9,40.5
1700-1800 ,4208,19.5,1.6,16.9,45.5
1800-1900 ,4208,18.1,0.6,15.0,49.9
1900-2000 ,4208,25.2,1.1,9.899999999999999,51.1
2000-2100 ,4208,31.7,0.4,10.6,43.5
2100-2200 ,4208,34.8,0.5,9.2,44
2200-2300 ,4208,32.7,0.4,8.200000000000001,47.5
0700-0800 ,4215,32.7,0,16.7,31.9
0800-0900 ,4215,24.3,0.8,16.4,47.9
0900-1000 ,4215,33,0,21.9,33.5
1000-1100 ,4215,35.1,0.4,24.2,32.8
1100-1200 ,4215,23.4,0,28.5,38.7
1200-1300 ,4215,23.4,0.7,24.9,31.5
1300-1400 ,4215,22.9,0,21.5,42.6
1400-1500 ,4215,29.5,0,21.2,42.4
1500-1600 ,4215,24.3,0.4,22.099999999999998,46
1600-1700 ,4215,18.7,0,23.1,45.1
1700-1800 ,4215,25,0,16.5,43.5
1800-1900 ,4215,23.3,1.1,11.1,51.5
1900-2000 ,4215,30.1,0,7.9,47.5
2000-2100 ,4215,31.8,0,4.5,50.6
2100-2200 ,4215,31,0,5.199999999999999,52.9
2200-2300 ,4215,26.2,0.6,7.8999999999999995,49.1
0700-0800 ,5017,7.6,1.7,9.700000000000001,66.3
0800-0900 ,5017,9.4,1.5,15.9,58.9
0900-1000 ,5017,10.2,2,15.600000000000001,62.2
1000-1100 ,5017,10.7,1.2,21.5,52.4
1100-1200 ,5017,10,1.9,20.2,54
1200-1300 ,5017,11.8,1,20.900000000000002,51.7
1300-1400 ,5017,12.6,0.5,22.1,50.4
1400-1500 ,5017,13.3,1.7,23.200000000000003,48.4
1500-1600 ,5017,12.5,0.7,20.400000000000002,52.5
1600-1700 ,5017,16.6,0.7,16.3,56
1700-1800 ,5017,9.9,2,14.5,56.7
1800-1900 ,5017,9.2,1.5,8.7,67.7
1900-2000 ,5017,10.8,0.4,8.2,61.5
2000-2100 ,5017,18.4,0.6,5.6,60.7
2100-2200 ,5017,18.1,1,6.8,60.5
2200-2300 ,5017,18.8,0.6,8,59.5
0700-0800 ,2405,9.1,0,54.5,36.4
0800-0900 ,2405,42.9,0,42.9,14.3
0900-1000 ,2405,5,0,35,50
1000-1100 ,2405,4.8,0,57.199999999999996,28.6
1100-1200 ,2405,2.9,0,42.9,42.9
1200-1300 ,2405,5.9,0,29.4,41.2
1300-1400 ,2405,28.6,0,28.6,28.6
1400-1500 ,2405,4.8,0,38.1,47.6
1500-1600 ,2405,7.7,0,46.2,30.8
1600-1700 ,2405,4.8,0,47.699999999999996,33.3
1700-1800 ,2405,0,0,40,45
1800-1900 ,2405,4.3,0,21.7,39.1
1900-2000 ,2405,13.3,0,6.7,26.7
2000-2100 ,2405,0,0,11.1,44.4
2100-2200 ,2405,0,0,75,0
2200-2300 ,2405,0,0,0,100
0700-0800 ,2213,40.6,11.5,3.1,36.5
0800-0900 ,2213,14.2,2.8,1.4,75.9
0900-1000 ,2213,28.8,0,9.4,56.9
1000-1100 ,2213,16.8,2,15.9,59.4
1100-1200 ,2213,19.7,2.1,14.799999999999999,58.5
1200-1300 ,2213,18.6,4.1,16.5,53.8
1300-1400 ,2213,20.3,3.4,13.6,54.2
1400-1500 ,2213,14.4,1.9,20.2,54.8
1500-1600 ,2213,19.3,4.6,12.8,50.5
1600-1700 ,2213,17.5,2.1,8.4,59.4
1700-1800 ,2213,16.7,0.8,4.5,72.7
1800-1900 ,2213,18.2,0.7,2.6,68.8
1900-2000 ,2213,25.6,0.8,0.8,65.3
2000-2100 ,2213,29.7,1.4,2.8,45.9
2100-2200 ,2213,41.9,2.3,4.7,41.9
2200-2300 ,2213,24.5,0,1.9,69.8
0700-0800 ,3026,24.1,4.3,23.6,37.8
0800-0900 ,3026,18.7,3.7,19.3,52.8
0900-1000 ,3026,25.5,0.5,24.5,46.7
1000-1100 ,3026,31.5,0.4,21.3,43.5
1100-1200 ,3026,7.7,0.9,24.700000000000003,62.5
1200-1300 ,3026,24.7,1.1,22.2,45.8
1300-1400 ,3026,24.7,1.7,24.5,45.7
1400-1500 ,3026,23.8,0.9,20.1,52.2
1500-1600 ,3026,22.6,2.3,18.6,52.2
1600-1700 ,3026,18.4,1.3,20.2,54.7
1700-1800 ,3026,18.4,1.8,16.4,56.9
1800-1900 ,3026,19.6,1.7,8.0,65.4
1900-2000 ,3026,23.2,0.7,6.699999999999999,63.2
2000-2100 ,3026,30.1,1.1,8.2,54
2100-2200 ,3026,35.1,0.4,10.7,46.9
2200-2300 ,3026,30.9,0.4,12.600000000000001,50.8
0700-0800 ,4404,42.9,0,32.2,21.4
0800-0900 ,4404,31,0,31.0,35.7
0900-1000 ,4404,35.3,0,39.2,21.6
1000-1100 ,4404,53.6,0,26.8,17.9
1100-1200 ,4404,47.3,0,23,25.7
1200-1300 ,4404,45,1.3,25.0,26.3
1300-1400 ,4404,49.1,0,17.5,28.1
1400-1500 ,4404,45.6,0,17.6,29.4
1500-1600 ,4404,40.3,0,13,39
1600-1700 ,4404,39.4,0,15.5,39.4
1700-1800 ,4404,39,0,5.1,44.1
1800-1900 ,4404,43.5,0,5.8,44.9
1900-2000 ,4404,53.1,0,4.7,34.4
2000-2100 ,4404,43.1,0,9.7,34.7
2100-2200 ,4404,48.8,0,6.0,41.7
2200-2300 ,4404,57.4,0,4.3,34
0700-0800 ,2404,51.9,0,17.3,23.8
0800-0900 ,2404,49.8,0,18.4,20.3
0900-1000 ,2404,33.1,0,26.2,29
1000-1100 ,2404,28.9,0,28.799999999999997,27.5
1100-1200 ,2404,40,1.6,19.200000000000003,28.8
1200-1300 ,2404,30.9,0,24.5,23.2
1300-1400 ,2404,24.1,0,22.1,40.2
1400-1500 ,2404,21.7,0,18.6,54.3
1500-1600 ,2404,22,0,24,40
1600-1700 ,2404,10.8,0,10.8,68.5
1700-1800 ,2404,34.1,0,7.3,39
1800-1900 ,2404,31.5,0,1.1,37
1900-2000 ,2404,38.6,1.9,2.9,31.8
2000-2100 ,2404,40,2.1,4.2,37.9
2100-2200 ,2404,49.2,0,8.6,25.7
2200-2300 ,2404,40.3,0,2.9,48.9
0700-0800 ,2214,23.8,6.7,8.299999999999999,28.1
0800-0900 ,2214,21.7,2.9,6.2,50.1
0900-1000 ,2214,25.7,0.7,8.9,44.7
1000-1100 ,2214,29.8,0.5,15.5,39
1100-1200 ,2214,30,0.5,13.399999999999999,38
1200-1300 ,2214,29.6,1.9,10.700000000000001,41.4
1300-1400 ,2214,23.4,3.1,10.7,42.7
1400-1500 ,2214,23.2,1,15.5,40.7
1500-1600 ,2214,22.2,0.9,11.4,47.8
1600-1700 ,2214,19.5,2.1,9.4,49.7
1700-1800 ,2214,18.8,0.5,9.8,46
1800-1900 ,2214,22.2,0.5,3.7,49
1900-2000 ,2214,23.6,0,3.3000000000000003,49.9
2000-2100 ,2214,28.7,0,4.3999999999999995,38.1
2100-2200 ,2214,25.7,0,3.0999999999999996,43.1
2200-2300 ,2214,31,0,5.2,38.9
0700-0800 ,2203,27,3.2,5.6,57.1
0800-0900 ,2203,11.8,1.7,9.1,73.6
0900-1000 ,2203,16.3,1.1,15.8,62.1
1000-1100 ,2203,15.4,1.2,22.799999999999997,55.6
1100-1200 ,2203,12.6,2.3,22.4,57.9
1200-1300 ,2203,18.3,3.1,14.7,60.6
1300-1400 ,2203,15.7,0.7,18.3,61.3
1400-1500 ,2203,21,0.9,14.0,62
1500-1600 ,2203,18.7,6.2,15.6,54.5
1600-1700 ,2203,15.2,1.9,12.0,67.1
1700-1800 ,2203,10.6,1.1,7.8,76.1
1800-1900 ,2203,21.6,0.6,2.8,71
1900-2000 ,2203,17.7,0.8,0.8,78.5
2000-2100 ,2203,20.1,3.3,6.7,63.6
2100-2200 ,2203,36.1,0,4.5,54.1
2200-2300 ,2203,26,1.6,0,61.8
0700-0800 ,5003,6.4,2.2,30.6,55.8
0800-0900 ,5003,4.3,1.2,33.3,57.9
0900-1000 ,5003,4.8,1,43.6,48.4
1000-1100 ,5003,5.9,0.7,48.4,42.6
1100-1200 ,5003,6.5,0.5,49.8,40.8
1200-1300 ,5003,6.6,0.4,48.0,43.1
1300-1400 ,5003,6.2,1.5,48.5,42.2
1400-1500 ,5003,5.4,1.1,48.2,42.8
1500-1600 ,5003,5.7,1,48.6,42.5
1600-1700 ,5003,4.5,1.4,44.0,47.8
1700-1800 ,5003,6,1.7,31.8,55.9
1800-1900 ,5003,5.2,2.1,18.8,71.2
1900-2000 ,5003,5.5,0.8,23.2,67.9
2000-2100 ,5003,7.8,1,17.6,70.7
2100-2200 ,5003,9.6,0.8,18.8,67.4
2200-2300 ,5003,8.9,0.6,18.3,68
0700-0800 ,2207,33.3,2.4,25.9,13.8
0800-0900 ,2207,31.3,5,15.700000000000001,26.6
0900-1000 ,2207,30.7,0.7,15.700000000000001,38.3
1000-1100 ,2207,25.7,0.3,24.400000000000002,37.5
1100-1200 ,2207,25.3,0.2,22.2,38.4
1200-1300 ,2207,28,0.7,17.5,39.7
1300-1400 ,2207,25.8,0.5,15.700000000000001,43.5
1400-1500 ,2207,26,0.7,20.200000000000003,39.3
1500-1600 ,2207,19.4,0.6,18.6,48.3
1600-1700 ,2207,18.4,0.5,17.3,49.8
1700-1800 ,2207,27.2,0.2,8.7,47.8
1800-1900 ,2207,23.8,1.6,3.9000000000000004,51.2
1900-2000 ,2207,32.3,0.4,2.7,46.5
2000-2100 ,2207,38.5,0.3,3.6,35.5
2100-2200 ,2207,35,0,3.4,41.6
2200-2300 ,2207,43.7,0,2.7,34.8
0700-0800 ,6203,29.9,0.3,16.3,33.5
0800-0900 ,6203,21.2,1.2,18.8,45.9
0900-1000 ,6203,27.8,0.2,23.599999999999998,38.8
1000-1100 ,6203,28,0.2,25.3,36.8
1100-1200 ,6203,22.2,0.6,24.7,39.9
1200-1300 ,6203,17.7,1,26.2,42.9
1300-1400 ,6203,19.2,1.6,28.3,40.2
1400-1500 ,6203,16.3,1.8,30.0,42.5
1500-1600 ,6203,28.3,0.5,26.0,35.3
1600-1700 ,6203,22.8,0.7,20.099999999999998,42.7
1700-1800 ,6203,19.1,0,17.4,48.9
1800-1900 ,6203,19.4,0.6,11.600000000000001,51.5
1900-2000 ,6203,20.1,0.9,6.4,57.8
2000-2100 ,6203,25.7,0.6,6.3,50.7
2100-2200 ,6203,28.1,0,7.9,46
2200-2300 ,6203,31.6,0.8,7.6,40.8
0700-0800 ,3002,16.8,2.2,25.3,43.2
0800-0900 ,3002,13.9,1.7,22.1,53.4
0900-1000 ,3002,16.4,1.3,31.6,42.5
1000-1100 ,3002,16.2,0.5,41.1,35.6
1100-1200 ,3002,16.3,0.6,40.3,36.4
1200-1300 ,3002,14.5,0.6,37.3,40.2
1300-1400 ,3002,13.4,1.6,39.2,36.7
1400-1500 ,3002,12.8,1.7,41.0,36.6
1500-1600 ,3002,14.9,0.3,43.0,34.8
1600-1700 ,3002,14.8,1.3,37.300000000000004,38.4
1700-1800 ,3002,11.8,0.7,30.6,45.6
1800-1900 ,3002,8.8,1.2,15.3,66.3
1900-2000 ,3002,14,2.7,15.0,58
2000-2100 ,3002,19.8,1.2,15.0,55.8
2100-2200 ,3002,23.4,1.3,13.7,50.7
2200-2300 ,3002,23.7,1.1,12.4,54
0700-0800 ,2210,42.9,0,19,33.3
0800-0900 ,2210,34.1,0,13.6,40.9
0900-1000 ,2210,12.7,0,20.6,61.9
1000-1100 ,2210,13.2,0,24.5,54.7
1100-1200 ,2210,26.8,0,21.1,40.8
1200-1300 ,2210,25.4,0,9.5,52.4
1300-1400 ,2210,15.8,0,14.100000000000001,54.4
1400-1500 ,2210,14.5,0,19.4,56.5
1500-1600 ,2210,13,0,23.9,52.2
1600-1700 ,2210,12.8,0,10.6,66
1700-1800 ,2210,26.9,0,10.5,50.7
1800-1900 ,2210,45.5,0,4.5,40.9
1900-2000 ,2210,47.1,0,3.5,37.6
2000-2100 ,2210,52.8,0,5.699999999999999,24.5
2100-2200 ,2210,53.8,0,5.1,28.2
2200-2300 ,2210,45,0,7.5,45
0700-0800 ,1025,13,2.8,9.200000000000001,64.9
0800-0900 ,1025,10.3,2,13.9,66.1
0900-1000 ,1025,12.8,1,20.9,59.3
1000-1100 ,1025,16.9,1,23.6,53.8
1100-1200 ,1025,19,1.5,23.099999999999998,51.5
1200-1300 ,1025,16.9,1.1,22.0,55
1300-1400 ,1025,15.8,1.9,22.9,53.9
1400-1500 ,1025,18.4,1.5,25.400000000000002,50.8
1500-1600 ,1025,16.8,1.6,20.599999999999998,55.5
1600-1700 ,1025,14.9,1.3,21.400000000000002,55.5
1700-1800 ,1025,10.5,1.2,14.2,66.8
1800-1900 ,1025,14.1,1.1,8.8,67.9
1900-2000 ,1025,14,0.9,4.2,75.4
2000-2100 ,1025,22.4,0.7,4.2,66.3
2100-2200 ,1025,26,0.3,3.1,64.3
2200-2300 ,1025,34.6,0,2.8,55.5
0700-0800 ,2209,12.1,0,24.2,12.1
0800-0900 ,2209,15.2,0,27.299999999999997,3
0900-1000 ,2209,2.5,0,42.3,19.9
1000-1100 ,2209,21.7,0,24.8,29.5
1100-1200 ,2209,7.5,0,26.4,24.5
1200-1300 ,2209,5.9,0,15.8,31.5
1300-1400 ,2209,12.1,2,16.2,30.3
1400-1500 ,2209,16.3,0,6.5,37.6
1500-1600 ,2209,5.3,0,10.7,49.8
1600-1700 ,2209,8.2,0,11.4,42.4
1700-1800 ,2209,25.1,0,6.9,35.4
1800-1900 ,2209,9.5,0,4.7,31.6
1900-2000 ,2209,24.5,0,2.9,36.1
2000-2100 ,2209,41.3,0,0,23.6
2100-2200 ,2209,24,0,5.3,26.7
2200-2300 ,2209,12,0,3,27.1
0700-0800 ,5034,9,2.8,29.900000000000002,47.9
0800-0900 ,5034,9.4,2.2,30.799999999999997,49.2
0900-1000 ,5034,11,1.4,38.4,42
1000-1100 ,5034,13.7,0.6,45.599999999999994,33.3
1100-1200 ,5034,12,0.9,43.8,37.2
1200-1300 ,5034,11.1,1.4,40.1,40.6
1300-1400 ,5034,10.8,1.5,42.0,39.8
1400-1500 ,5034,9.5,1.6,44.0,38.7
1500-1600 ,5034,9.6,1.6,43.0,38.9
1600-1700 ,5034,10.8,2,37.7,42.4
1700-1800 ,5034,8.1,1,32.7,48
1800-1900 ,5034,8.4,1.5,22.0,58.1
1900-2000 ,5034,10.1,1,15.2,64.4
2000-2100 ,5034,14.8,1.8,15.8,59
2100-2200 ,5034,12.5,2.2,16.3,58.5
2200-2300 ,5034,22.2,1,11.8,55.5
0700-0800 ,5037,16.5,2.1,28.4,43.8
0800-0900 ,5037,15.9,2.6,25.099999999999998,52.2
0900-1000 ,5037,15.9,1.1,33.4,47.2
1000-1100 ,5037,16.5,1.2,37.8,40.6
1100-1200 ,5037,17.5,1.2,37.5,40.4
1200-1300 ,5037,12.8,1.4,35.5,46.8
1300-1400 ,5037,14.9,1.1,39.1,40.4
1400-1500 ,5037,12.5,1.2,39.4,43.5
1500-1600 ,5037,11.7,2.6,38.4,43.9
1600-1700 ,5037,14.1,1.2,31.9,49.8
1700-1800 ,5037,13,1.7,28.7,51.8
1800-1900 ,5037,10.1,1.5,16.6,66.9
1900-2000 ,5037,12.9,0.8,10.399999999999999,71.7
2000-2100 ,5037,13.3,0.9,15.2,65.9
2100-2200 ,5037,16.8,0.4,17.0,59.2
2200-2300 ,5037,20.1,1.3,10.1,64
0700-0800 ,2215,28.3,5.1,27.6,27
0800-0900 ,2215,17.1,3,26.3,42.6
0900-1000 ,2215,17.4,1,36.4,36.2
1000-1100 ,2215,21.6,1,39.4,30.2
1100-1200 ,2215,19.9,2,39.6,28.2
1200-1300 ,2215,16.8,3.5,36.7,35.3
1300-1400 ,2215,15.6,3.5,39.300000000000004,33.6
1400-1500 ,2215,18.5,2.6,36.1,34.9
1500-1600 ,2215,23.2,1.3,33.8,33
1600-1700 ,2215,21.2,3.4,29.9,36.6
1700-1800 ,2215,14.7,2.1,22.7,49.7
1800-1900 ,2215,15.4,2.9,13.5,58.6
1900-2000 ,2215,18,1.6,10.1,59.5
2000-2100 ,2215,26.1,1,10.2,49.3
2100-2200 ,2215,31.7,0.9,7.7,51.3
2200-2300 ,2215,31.6,1.7,8.9,45.7
0700-0800 ,4401,10,5,10,40
0800-0900 ,4401,12.3,0,1.4,80.8
0900-1000 ,4401,14.9,0,17,66
1000-1100 ,4401,31.1,0,11.1,53.3
1100-1200 ,4401,6.5,0,22.6,61.3
1200-1300 ,4401,14.6,4.2,6.3,68.8
1300-1400 ,4401,18.9,1.9,9.4,54.7
1400-1500 ,4401,17.4,0,19.6,56.5
1500-1600 ,4401,19,0,7.1,66.7
1600-1700 ,4401,19.5,0,4.9,68.3
1700-1800 ,4401,19.6,0,10.7,62.5
1800-1900 ,4401,15.6,0,2.2,73.3
1900-2000 ,4401,18,0,4,72
2000-2100 ,4401,33.3,0,4.8,57.1
2100-2200 ,4401,40,0,10,40
2200-2300 ,4401,19,0,0,76.2
0700-0800 ,1031,25.2,2.3,21.4,40.8
0800-0900 ,1031,23.8,3.1,16.8,49.4
0900-1000 ,1031,25.3,0.6,17.8,52.3
1000-1100 ,1031,21.9,0.5,26.0,46.9
1100-1200 ,1031,19.9,1.3,28.5,44.7
1200-1300 ,1031,18.2,2.5,26.799999999999997,47.9
1300-1400 ,1031,22.5,2.2,22.9,47.9
1400-1500 ,1031,22.3,1.4,26.4,46.9
1500-1600 ,1031,23.3,1.1,22.3,48
1600-1700 ,1031,22.7,1.3,20.0,47.5
1700-1800 ,1031,19.1,3.6,18.900000000000002,49.5
1800-1900 ,1031,22.5,2.7,6.4,61.2
1900-2000 ,1031,21.6,2.2,8.5,64.4
2000-2100 ,1031,31,0.7,4.3,60.4
2100-2200 ,1031,29.2,1.2,10.2,52.6
2200-2300 ,1031,26.6,1.3,8.7,55.7
0700-0800 ,2206,27.1,8.2,21.4,26.3
0800-0900 ,2206,10.6,2.2,20.2,49.9
0900-1000 ,2206,13.9,2.3,27.2,42.7
1000-1100 ,2206,16.9,0.7,29.1,39.9
1100-1200 ,2206,10.5,0,29.2,36.6
1200-1300 ,2206,17.2,1.3,21.2,43.8
1300-1400 ,2206,12.2,5.8,24.400000000000002,38.5
1400-1500 ,2206,13.3,8.4,19.9,41
1500-1600 ,2206,12.3,1.3,30.4,37.5
1600-1700 ,2206,9.8,2,22.8,40.3
1700-1800 ,2206,12.4,2.3,13.100000000000001,54.9
1800-1900 ,2206,13.1,6.3,6.3,49.5
1900-2000 ,2206,16.9,1.6,8.8,52.4
2000-2100 ,2206,25.3,0,12.600000000000001,39.1
2100-2200 ,2206,10.6,0,15.1,49.8
2200-2300 ,2206,15.5,0,15.6,44
0700-0800 ,2401,18.2,0,21.2,45.5
0800-0900 ,2401,34,2,32,20
0900-1000 ,2401,25,1.8,28.6,26.8
1000-1100 ,2401,41,1.6,14.700000000000001,34.4
1100-1200 ,2401,19.7,11.5,29.5,27.9
1200-1300 ,2401,30.2,2.3,28.0,34.9
1300-1400 ,2401,42.9,4.1,26.5,14.3
1400-1500 ,2401,22.2,5.6,29.7,35.2
1500-1600 ,2401,11.1,7.4,18.5,50
1600-1700 ,2401,22.7,6.8,25,36.4
1700-1800 ,2401,6.5,6.5,32.3,35.5
1800-1900 ,2401,4,8,0,68
1900-2000 ,2401,18.2,4.5,13.6,40.9
2000-2100 ,2401,14.3,0,28.6,38.1
2100-2200 ,2401,9.1,0,9.1,45.5
2200-2300 ,2401,36.4,0,0,36.4
0700-0800 ,5012,6.1,4.2,25.6,55.2
0800-0900 ,5012,6.4,2.7,32.2,48.9
0900-1000 ,5012,7.7,1.9,42.099999999999994,38.6
1000-1100 ,5012,8.1,1,47.900000000000006,35.3
1100-1200 ,5012,8.6,0.6,48.2,34.6
1200-1300 ,5012,7.7,1.2,43.8,40.3
1300-1400 ,5012,7.4,1.2,46.0,38.6
1400-1500 ,5012,6.7,1.4,47.1,37.8
1500-1600 ,5012,6.2,1.3,46.5,38.9
1600-1700 ,5012,7.1,1.4,43.2,39.1
1700-1800 ,5012,7,1.9,30.5,50.6
1800-1900 ,5012,6.3,2.7,20.4,59.2
1900-2000 ,5012,7.1,2.3,15.5,65.7
2000-2100 ,5012,11.5,2.3,18.4,55.2
2100-2200 ,5012,13,0.6,16.7,58
2200-2300 ,5012,13.4,0.4,16.8,58.3
0700-0800 ,4213,20.2,2.1,27.200000000000003,34.2
0800-0900 ,4213,18.3,1.8,19.2,49.4
0900-1000 ,4213,25.2,1.6,26.2,39.9
1000-1100 ,4213,24.3,0.8,33.5,33.9
1100-1200 ,4213,24.9,1.3,28.1,37.3
1200-1300 ,4213,25.9,1.2,27.7,39.1
1300-1400 ,4213,26.6,1.4,26.799999999999997,38.7
1400-1500 ,4213,21.8,1.8,28.6,40.9
1500-1600 ,4213,23.2,0.8,29.6,38.5
1600-1700 ,4213,21.9,1.8,24.5,42.1
1700-1800 ,4213,23.2,1.8,20.799999999999997,46.4
1800-1900 ,4213,18.7,1.4,9.1,58.4
1900-2000 ,4213,30.7,0.7,10.7,47.9
2000-2100 ,4213,30.2,1.1,8,51.1
2100-2200 ,4213,36.2,0.7,10.3,42.6
2200-2300 ,4213,38.4,0.4,9.1,41.4
0700-0800 ,4218,25.1,6.5,18.599999999999998,21.1
0800-0900 ,4218,24.3,2.4,14.600000000000001,46.7
0900-1000 ,4218,18.7,1,27.1,44.2
1000-1100 ,4218,21,3.1,28.4,37.7
1100-1200 ,4218,24,0.6,28.5,33.7
1200-1300 ,4218,24,2.2,20.2,36.7
1300-1400 ,4218,24.8,0,23.1,34.5
1400-1500 ,4218,17.5,3,21.7,41.7
1500-1600 ,4218,17.7,1.3,22.7,41
1600-1700 ,4218,21.8,0,28.200000000000003,31.5
1700-1800 ,4218,17.7,2,21.0,43.3
1800-1900 ,4218,17.3,0,12.4,56.4
1900-2000 ,4218,25.3,0.7,4.8,48.5
2000-2100 ,4218,19.7,0,9.299999999999999,46.4
2100-2200 ,4218,28.8,3.9,6.5,39.2
2200-2300 ,4218,34.5,1.5,6,34.5
0700-0800 ,1002,25.2,4.4,15.100000000000001,42.8
0800-0900 ,1002,23.9,3.2,16,47.4
0900-1000 ,1002,28,1.1,20.7,43.6
1000-1100 ,1002,27.3,0.9,27.5,37.8
1100-1200 ,1002,24.7,1.4,24.599999999999998,43.3
1200-1300 ,1002,26.2,2.2,22.8,43.9
1300-1400 ,1002,26,3.2,23.4,39.7
1400-1500 ,1002,25.7,1.4,24.900000000000002,42.2
1500-1600 ,1002,21,1.6,22.2,48.4
1600-1700 ,1002,25,2,18.3,46.1
1700-1800 ,1002,25,1.6,13.299999999999999,48.9
1800-1900 ,1002,21.9,1.8,8.7,58.1
1900-2000 ,1002,33.6,1,6.8,51.9
2000-2100 ,1002,37.3,0.8,7.2,46.3
2100-2200 ,1002,41.7,0.2,7.6000000000000005,42.2
2200-2300 ,1002,39.9,0.4,4.4,48.4
0700-0800 ,4204,33.8,1.9,14.2,27.2
0800-0900 ,4204,24.9,1.5,14.3,46
0900-1000 ,4204,27.5,0.3,21.400000000000002,35.9
1000-1100 ,4204,33.3,0.2,24.3,26.7
1100-1200 ,4204,22.3,0,21.7,38.9
1200-1300 ,4204,30.7,1.3,19.7,24.8
1300-1400 ,4204,28.4,0.2,21.8,32.9
1400-1500 ,4204,21.3,0.2,24.299999999999997,36.2
1500-1600 ,4204,26.5,0.2,19.1,37.5
1600-1700 ,4204,24.8,0.2,20.599999999999998,39.2
1700-1800 ,4204,24.6,0,16.6,37.3
1800-1900 ,4204,23.5,0.5,8.799999999999999,45.1
1900-2000 ,4204,24.7,0.2,5.5,49.4
2000-2100 ,4204,37.4,0.2,5.7,37.7
2100-2200 ,4204,33,0,6.300000000000001,39.6
2200-2300 ,4204,42.9,0.2,5.4,34.1
0700-0800 ,4214,17.1,1.3,31.1,36.1
0800-0900 ,4214,15,1.4,30.2,42.9
0900-1000 ,4214,15.5,0.6,35.9,39.1
1000-1100 ,4214,15.7,0.9,45.0,32.7
1100-1200 ,4214,20,0.7,41.5,32.2
1200-1300 ,4214,17.6,1.3,39.9,35.6
1300-1400 ,4214,18.5,2,37.1,35.8
1400-1500 ,4214,17.7,0.6,34.5,40.4
1500-1600 ,4214,17,0.5,35.2,40.2
1600-1700 ,4214,17.6,1,33.1,41.6
1700-1800 ,4214,18.5,0.8,25.9,44
1800-1900 ,4214,16.8,0.7,16.2,54.9
1900-2000 ,4214,23.8,0.7,14.799999999999999,52.4
2000-2100 ,4214,28.3,1,11.299999999999999,49.5
2100-2200 ,4214,30.2,1.2,12.2,47.5
2200-2300 ,4214,30.7,0.8,12.8,48
0700-0800 ,5021,12.2,3.6,21.6,49.5
0800-0900 ,5021,15.1,2.4,17.9,56.2
0900-1000 ,5021,13.9,1.7,31.7,45.6
1000-1100 ,5021,16.1,0.6,37.0,41
1100-1200 ,5021,17.4,0.8,33.3,42.6
1200-1300 ,5021,13.9,1.4,31.400000000000002,46.7
1300-1400 ,5021,15.8,2.9,33.7,40.4
1400-1500 ,5021,12.5,1.5,32.2,46.5
1500-1600 ,5021,15.3,0.6,32.5,45.6
1600-1700 ,5021,13.7,1.8,31.2,46.1
1700-1800 ,5021,10,1.9,19.4,59.6
1800-1900 ,5021,12.4,1.3,14.100000000000001,65
1900-2000 ,5021,17.3,1.7,11.4,62.6
2000-2100 ,5021,19.2,1.5,10.4,62.6
2100-2200 ,5021,27.6,0.9,10.8,54.9
2200-2300 ,5021,32.8,0.1,9.600000000000001,51.4
0700-0800 ,5022,15.1,2.2,12.0,60.5
0800-0900 ,5022,11.8,2.3,20.7,56.3
0900-1000 ,5022,15.5,1.5,25.3,49.8
1000-1100 ,5022,14,1.1,29.5,47.3
1100-1200 ,5022,13.2,1.6,25.0,51.1
1200-1300 ,5022,12,3,28.8,47.4
1300-1400 ,5022,11.2,0.8,27.8,51
1400-1500 ,5022,6.6,2.1,30.2,53.1
1500-1600 ,5022,11.2,1,25.5,52
1600-1700 ,5022,9.7,1.1,23.200000000000003,58.4
1700-1800 ,5022,12.8,1.6,22,48.8
1800-1900 ,5022,9.8,1.5,12.5,65.7
1900-2000 ,5022,10,1.4,7.9,70.9
2000-2100 ,5022,13.4,0.4,4.7,69.3
2100-2200 ,5022,21.9,0.2,5.3,62.9
2200-2300 ,5022,17.8,0.2,3.7,69.8
0700-0800 ,6204,28.6,2.2,11.0,36.1
0800-0900 ,6204,47.4,0.3,14.5,24
0900-1000 ,6204,52.4,1.2,13.4,17.8
1000-1100 ,6204,49.6,0.4,15.1,14
1100-1200 ,6204,44.2,0,14.6,17.7
1200-1300 ,6204,44.4,0.5,7.6,21.9
1300-1400 ,6204,49.2,3.8,10.3,18.1
1400-1500 ,6204,54,0,9.7,16.5
1500-1600 ,6204,45.9,0.4,10.4,23.6
1600-1700 ,6204,44.2,0.4,15.7,20.4
1700-1800 ,6204,40.7,0.8,6.300000000000001,31
1800-1900 ,6204,34.1,1,6.5,32.6
1900-2000 ,6204,40.9,0,4.1000000000000005,37.8
2000-2100 ,6204,47.9,0.6,4.9,25.2
2100-2200 ,6204,47.8,1.6,7.8,22
2200-2300 ,6204,44.5,0.7,4.0,34.7
0700-0800 ,5041,2.9,1.1,48.7,42.1
0800-0900 ,5041,1.4,2.5,54.4,36.9
0900-1000 ,5041,0.7,0.7,61.7,35.5
1000-1100 ,5041,2.2,3.5,64.2,28.5
1100-1200 ,5041,2.8,0.8,65.7,29.3
1200-1300 ,5041,2,0,62.8,32
1300-1400 ,5041,2.4,1,62.1,32.4
1400-1500 ,5041,1.6,0.9,66.1,29.6
1500-1600 ,5041,2.8,0.4,57.5,35.1
1600-1700 ,5041,2,1.6,60.6,33.1
1700-1800 ,5041,2.7,3,42.099999999999994,49.5
1800-1900 ,5041,0.4,1.1,30.6,65
1900-2000 ,5041,5.5,1.2,17.6,71
2000-2100 ,5041,3.3,0.8,27.7,65.2
2100-2200 ,5041,2.5,1.7,20.3,71.9
2200-2300 ,5041,3.6,1.5,17.3,73.9
0700-0800 ,1009,25.6,3.5,10.9,33.9
0800-0900 ,1009,21.9,0.6,6.9,56
0900-1000 ,1009,24.6,0.5,13.9,42.9
1000-1100 ,1009,27.4,1.4,20.4,33.5
1100-1200 ,1009,26.6,2.5,15.1,37
1200-1300 ,1009,27.9,2.4,14.899999999999999,34.7
1300-1400 ,1009,30,1.9,14.1,34.4
1400-1500 ,1009,32.3,0.6,13.4,33.5
1500-1600 ,1009,23.9,4.9,12.600000000000001,39.3
1600-1700 ,1009,20.9,3.1,13.100000000000001,43.4
1700-1800 ,1009,22.9,2.5,8.1,48.8
1800-1900 ,1009,22.5,1.5,2.5,57.1
1900-2000 ,1009,19.2,0.8,3.4,59.6
2000-2100 ,1009,36,0.5,1.8,41
2100-2200 ,1009,34.4,0,4,39
2200-2300 ,1009,40.8,0.6,3.4,34.6
0700-0800 ,1001,34.4,4.4,14.1,34.8
0800-0900 ,1001,30.5,3.2,13.600000000000001,43.1
0900-1000 ,1001,28,0.9,19.0,45.5
1000-1100 ,1001,26.9,0.8,21.8,45.3
1100-1200 ,1001,26.3,0.5,22.200000000000003,46.7
1200-1300 ,1001,28.4,1.2,15.8,50.1
1300-1400 ,1001,27.9,1.1,17.9,47.5
1400-1500 ,1001,26.7,1.3,17.4,49.9
1500-1600 ,1001,23.9,0.9,17.8,52.7
1600-1700 ,1001,22.8,1.3,14.9,53.7
1700-1800 ,1001,26.9,1,8.3,55.9
1800-1900 ,1001,24.8,1.8,5.0,60.8
1900-2000 ,1001,33.5,1.4,3.7,56.9
2000-2100 ,1001,39.6,1,4.6,48.1
2100-2200 ,1001,38.7,0.4,5.300000000000001,49.9
2200-2300 ,1001,42.9,0.6,5.0,45.3
0700-0800 ,1107,38.9,8.9,7.1000000000000005,29.2
0800-0900 ,1107,16.7,4.2,10.9,59.9
0900-1000 ,1107,17.4,1.1,11.8,64.5
1000-1100 ,1107,24.8,0.6,18.6,48.4
1100-1200 ,1107,19.9,0.6,14.7,52
1200-1300 ,1107,24.5,2.6,17.2,47
1300-1400 ,1107,22.5,1.9,15.5,50.6
1400-1500 ,1107,26.1,1.4,14.8,48.1
1500-1600 ,1107,26.7,1.1,15.7,45.2
1600-1700 ,1107,27,1.9,7.7,58.4
1700-1800 ,1107,25,2.1,7.3,57.8
1800-1900 ,1107,23.4,2.3,4.1,51.5
1900-2000 ,1107,33.5,1.5,2,50.3
2000-2100 ,1107,33.6,0,4.3,51.4
2100-2200 ,1107,38.5,0,1.7999999999999998,47.1
2200-2300 ,1107,45.1,0,0,44.4
0700-0800 ,5013,8.2,1.9,23,59.1
0800-0900 ,5013,7.5,1.7,29.0,55.6
0900-1000 ,5013,9.7,1.4,39.5,44.3
1000-1100 ,5013,8.2,1.5,41.400000000000006,44.2
1100-1200 ,5013,7.3,1.1,43.8,42.6
1200-1300 ,5013,7.1,1.5,37.7,48.3
1300-1400 ,5013,6.9,1.2,41.0,45.8
1400-1500 ,5013,6.7,1.4,47.0,40.2
1500-1600 ,5013,6.5,1.1,41.9,45.2
1600-1700 ,5013,6.6,1.3,41.2,45.2
1700-1800 ,5013,6.4,1.4,31.6,52.9
1800-1900 ,5013,6.7,2.2,20.4,63.7
1900-2000 ,5013,7.1,1.8,15.7,70.1
2000-2100 ,5013,10.9,0.9,16.9,64.6
2100-2200 ,5013,14.8,1,22.1,54.2
2200-2300 ,5013,15.1,1,21.6,55.2
0700-0800 ,4216,22,2.3,18.0,39.6
0800-0900 ,4216,15.4,1.6,19.0,48.7
0900-1000 ,4216,21.4,1.3,28.5,36.7
1000-1100 ,4216,22.7,0.5,30.599999999999998,34.3
1100-1200 ,4216,17.9,0.6,36.5,31.7
1200-1300 ,4216,17.7,1.1,31.9,36.6
1300-1400 ,4216,17.5,1.5,32.9,35.7
1400-1500 ,4216,17.7,1.5,35.0,34.6
1500-1600 ,4216,19.5,0.9,31.6,37.2
1600-1700 ,4216,21,1.2,27.5,37.4
1700-1800 ,4216,17.5,1.5,21.6,43.5
1800-1900 ,4216,16.3,1.1,12.700000000000001,53.9
1900-2000 ,4216,22,1.3,11.0,50.5
2000-2100 ,4216,24,0.5,9.8,51.5
2100-2200 ,4216,26.3,0.6,11.0,45.9
2200-2300 ,4216,29.7,0.8,7.300000000000001,44.7
0700-0800 ,2217,49,3.7,9.2,30.5
0800-0900 ,2217,48.8,2.3,11.4,31
0900-1000 ,2217,29.1,3.5,17.2,45.9
1000-1100 ,2217,34.3,0.5,23.0,37.9
1100-1200 ,2217,27.1,2,17.8,48.3
1200-1300 ,2217,34,3.5,18.4,42.6
1300-1400 ,2217,30.8,3.8,15.399999999999999,46.7
1400-1500 ,2217,36.6,0.5,22.900000000000002,36.6
1500-1600 ,2217,28.1,2.3,12.0,53.9
1600-1700 ,2217,26.9,2.6,17.3,48.6
1700-1800 ,2217,33.8,4.3,11.7,43.1
1800-1900 ,2217,28.4,3.4,7.3,57.4
1900-2000 ,2217,21.8,2.7,4.0,69.3
2000-2100 ,2217,37,0.9,6.300000000000001,51.5
2100-2200 ,2217,48.3,0,11.5,37.9
2200-2300 ,2217,40.2,0,12.2,46.3
0700-0800 ,6214,12.1,1.9,72.4,8.9
0800-0900 ,6214,17.3,0.8,62.3,17.7
0900-1000 ,6214,12.2,1.1,71.4,13
1000-1100 ,6214,5.4,0.6,82.6,7.3
1100-1200 ,6214,7.1,0.9,84.2,6.5
1200-1300 ,6214,5.2,2,74.5,14.5
1300-1400 ,6214,5.7,0.6,83.1,8.6
1400-1500 ,6214,2.4,1.4,79.4,14.9
1500-1600 ,6214,4.7,1.3,76.1,13.6
1600-1700 ,6214,4.3,1.4,79.80000000000001,12.6
1700-1800 ,6214,9.1,7.2,64.5,13.2
1800-1900 ,6214,9.5,6,41.2,35.9
1900-2000 ,6214,13.3,2.8,44.5,34.4
2000-2100 ,6214,23.3,1.7,50.0,20
2100-2200 ,6214,25.7,1,49.5,22.9
2200-2300 ,6214,14.4,3.3,52.3,25.6
0700-0800 ,4201,14.2,0.3,16.9,48.9
0800-0900 ,4201,8.8,0.7,19.7,58.2
0900-1000 ,4201,16.8,0.5,21.0,54.8
1000-1100 ,4201,13.6,0.2,29.6,51.2
1100-1200 ,4201,13.7,0.3,33.7,43.9
1200-1300 ,4201,14.7,0.3,24.7,53.1
1300-1400 ,4201,16.2,0,30.2,46.4
1400-1500 ,4201,19,0,29.700000000000003,44.1
1500-1600 ,4201,17.1,0.3,27.9,46
1600-1700 ,4201,13.7,0.3,21.599999999999998,50
1700-1800 ,4201,18.4,0.7,18.700000000000003,42.1
1800-1900 ,4201,11.6,0,10.100000000000001,58.9
1900-2000 ,4201,12.1,0.3,8.5,67.7
2000-2100 ,4201,27.6,0.8,6.9,52
2100-2200 ,4201,23.9,1,11.6,50.1
2200-2300 ,4201,25.3,0,9.299999999999999,50.7
0700-0800 ,1004,16.9,6.9,14.1,46.1
0800-0900 ,1004,15.9,1.9,13.200000000000001,57.7
0900-1000 ,1004,16.3,1,23.299999999999997,50
1000-1100 ,1004,16.4,0.9,29.7,43
1100-1200 ,1004,15.4,1.8,30.099999999999998,43.1
1200-1300 ,1004,11.5,1.3,25.5,52.7
1300-1400 ,1004,19.6,2.6,26.7,40.8
1400-1500 ,1004,13.8,2.2,28.1,46.7
1500-1600 ,1004,14.9,2.2,20.8,53.8
1600-1700 ,1004,13.3,2.4,19.7,53.6
1700-1800 ,1004,14.4,1.6,11.4,59
1800-1900 ,1004,16.2,3,9.4,58.8
1900-2000 ,1004,16.8,1.4,7.1,65.3
2000-2100 ,1004,26.1,0.8,4.4,57
2100-2200 ,1004,27.2,0.7,7.0,54.6
2200-2300 ,1004,20,0.6,4.0,65.9
0700-0800 ,2407,30.1,2.7,17.799999999999997,26
0800-0900 ,2407,28.8,2.2,12.8,39.8
0900-1000 ,2407,20.9,2.8,21.799999999999997,42.2
1000-1100 ,2407,23.5,0.7,19.6,45.8
1100-1200 ,2407,25.7,0.7,26.400000000000002,30.6
1200-1300 ,2407,24.5,1.3,21.2,20.5
1300-1400 ,2407,31.8,4.7,14.2,31.1
1400-1500 ,2407,33.8,1.5,18.8,36.1
1500-1600 ,2407,20.7,0.8,26.5,36.4
1600-1700 ,2407,25.4,0.8,17.8,45.8
1700-1800 ,2407,26.6,3.1,6.3,43
1800-1900 ,2407,21.5,0.6,8.9,44.3
1900-2000 ,2407,20,0.7,4.3,61.4
2000-2100 ,2407,29.4,0,5.9,47.1
2100-2200 ,2407,34.6,0,7.4,42
2200-2300 ,2407,36,0,2,52
0700-0800 ,6210,13.9,0,10.6,57.8
0800-0900 ,6210,10.7,0.8,14.899999999999999,68.2
0900-1000 ,6210,10.6,0,11.0,73
1000-1100 ,6210,4,0.8,18.3,62.8
1100-1200 ,6210,8.7,0,15.5,64.1
1200-1300 ,6210,7.4,1.6,22.1,55.6
1300-1400 ,6210,11.3,0,9.5,65.1
1400-1500 ,6210,9.2,0,14.700000000000001,59.8
1500-1600 ,6210,10.7,0.9,10.700000000000001,62.5
1600-1700 ,6210,9.6,0,18.4,55.9
1700-1800 ,6210,5.1,0.9,9.4,69.2
1800-1900 ,6210,8.5,0,9.2,68.9
1900-2000 ,6210,7.1,0,7.1,70.4
2000-2100 ,6210,7.5,0,1.3,68.8
2100-2200 ,6210,16.3,0,1.6,58.8
2200-2300 ,6210,24.6,0,4.3,50.7
0700-0800 ,6213,12.4,3.7,31.7,43.9
0800-0900 ,6213,15.9,2.8,27.2,46.9
0900-1000 ,6213,13.7,1.8,37.4,41.4
1000-1100 ,6213,14.8,1.5,44.5,32.6
1100-1200 ,6213,10.7,2,47.0,33.2
1200-1300 ,6213,16.9,2.6,37.4,36.5
1300-1400 ,6213,14.4,1.5,45.1,33.4
1400-1500 ,6213,15.3,1.2,43.8,33.1
1500-1600 ,6213,16.2,1.1,39.2,36.2
1600-1700 ,6213,19.1,1.4,40.7,33
1700-1800 ,6213,18.2,2.1,38.3,33.6
1800-1900 ,6213,13.8,2.6,17.200000000000003,56.2
1900-2000 ,6213,19.8,3,18.8,49.6
2000-2100 ,6213,21.8,3.1,10.4,54.8
2100-2200 ,6213,28.7,1.6,13.7,47
2200-2300 ,6213,28.6,1.3,10.4,50.3
0700-0800 ,5033,6.3,2.6,29.6,50.5
0800-0900 ,5033,7,2.3,32.3,49.3
0900-1000 ,5033,8.2,1,40.3,43.7
1000-1100 ,5033,7.7,1.3,46.5,36.7
1100-1200 ,5033,12.6,1,53.3,24.5
1200-1300 ,5033,9.1,0.9,43.400000000000006,40.4
1300-1400 ,5033,9.2,0.9,48.2,35.2
1400-1500 ,5033,10.2,0.9,48.6,34.7
1500-1600 ,5033,7.8,1.4,47.7,36.6
1600-1700 ,5033,6.4,1,42.8,43
1700-1800 ,5033,6.9,1,32.7,50
1800-1900 ,5033,6.2,2.2,20.299999999999997,62.2
1900-2000 ,5033,6.2,1.8,12.7,71.2
2000-2100 ,5033,7.1,2.1,17.4,63.2
2100-2200 ,5033,16.7,0.9,14.2,58
2200-2300 ,5033,18.3,0.3,8.7,64
0700-0800 ,6221,17.4,6.9,30.7,34.8
0800-0900 ,6221,15.1,5.5,35.7,37.9
0900-1000 ,6221,17.3,1.9,50.0,24.8
1000-1100 ,6221,11.5,3.2,53.9,23.5
1100-1200 ,6221,11.7,2.5,55.0,24.7
1200-1300 ,6221,9.1,6.4,49.599999999999994,30.4
1300-1400 ,6221,9.2,7.1,48.0,30.1
1400-1500 ,6221,12,5.1,47.8,26.7
1500-1600 ,6221,20.4,4.8,48.599999999999994,22.2
1600-1700 ,6221,13.3,6.4,48.6,24.6
1700-1800 ,6221,11.2,8.2,33.4,38.3
1800-1900 ,6221,17.5,7.2,27.8,35
1900-2000 ,6221,17.4,3.3,31.0,43.4
2000-2100 ,6221,13.8,8.7,27.7,41.5
2100-2200 ,6221,18.7,7.7,29.6,38.6
2200-2300 ,6221,22.3,5.6,32.6,31
0700-0800 ,5027,17.9,4.7,24.4,45.2
0800-0900 ,5027,17.5,2.5,22.2,51.9
0900-1000 ,5027,16.7,1.9,31.200000000000003,46.1
1000-1100 ,5027,13.1,1.4,47.2,33.3
1100-1200 ,5027,20.3,2.1,35.2,37.1
1200-1300 ,5027,18.2,2.6,33.7,39.7
1300-1400 ,5027,16.9,1.6,42.7,33.5
1400-1500 ,5027,19,2.2,36.8,35.9
1500-1600 ,5027,18.6,3.6,34.4,37.2
1600-1700 ,5027,17.8,5.9,32.3,38.1
1700-1800 ,5027,14,6,25.4,45.3
1800-1900 ,5027,14.6,6.4,16,56.7
1900-2000 ,5027,19.5,3.5,15.200000000000001,55.8
2000-2100 ,5027,17.7,8.4,18.6,49.2
2100-2200 ,5027,26.7,4.4,21.299999999999997,40.6
2200-2300 ,5027,17.1,3,22.700000000000003,49.9
0700-0800 ,3024,13.7,1.8,26.700000000000003,48.8
0800-0900 ,3024,12.9,3.3,23.099999999999998,52.4
0900-1000 ,3024,17.7,1.4,30.5,45.2
1000-1100 ,3024,8.9,1.1,34.0,50.8
1100-1200 ,3024,15.8,1.1,30.900000000000002,47.8
1200-1300 ,3024,13.9,1.1,31.1,49.7
1300-1400 ,3024,15.3,1.2,32.599999999999994,45.9
1400-1500 ,3024,14.1,1.1,29.9,50.7
1500-1600 ,3024,14.6,0.6,30.0,50
1600-1700 ,3024,12.2,2.2,30.9,49.7
1700-1800 ,3024,12.2,1.3,21.7,56.9
1800-1900 ,3024,12.7,2,12.600000000000001,65.4
1900-2000 ,3024,13.7,1.6,8.299999999999999,71.7
2000-2100 ,3024,18.5,2,8.6,63.8
2100-2200 ,3024,22.7,1.9,9,59.3
2200-2300 ,3024,25.3,0.7,8.5,59.5
0700-0800 ,4403,23.3,6.7,16.7,23.3
0800-0900 ,4403,17,0,17.0,57.4
0900-1000 ,4403,44,0,12,20
1000-1100 ,4403,44.1,0,11.8,32.4
1100-1200 ,4403,44.4,0,13.3,24.4
1200-1300 ,4403,22.8,1.8,12.3,52.6
1300-1400 ,4403,41.3,0,6.5,30.4
1400-1500 ,4403,26.2,2.4,16.7,35.7
1500-1600 ,4403,33.3,0,25,25
1600-1700 ,4403,10.5,0,34.199999999999996,47.4
1700-1800 ,4403,15.8,0,15.799999999999999,47.4
1800-1900 ,4403,6.8,0,8.5,64.4
1900-2000 ,4403,24.5,0,3.8,52.8
2000-2100 ,4403,38.5,0,5.1,51.3
2100-2200 ,4403,31,0,3.4,55.2
2200-2300 ,4403,27,0,2.7,48.6
0700-0800 ,4202,25.1,4.5,12.700000000000001,38.6
0800-0900 ,4202,19.3,1.9,18.400000000000002,49.2
0900-1000 ,4202,22.5,0.5,20.9,48.3
1000-1100 ,4202,24.8,0.4,23.5,41.4
1100-1200 ,4202,27.5,1.9,24.4,35.9
1200-1300 ,4202,25.4,1.2,20.9,43.2
1300-1400 ,4202,25.5,1.7,21.0,39.5
1400-1500 ,4202,22.4,1.4,20.099999999999998,47.2
1500-1600 ,4202,19.8,0.7,20.0,50.5
1600-1700 ,4202,23.4,1.9,14.5,49.3
1700-1800 ,4202,22,0.9,18.200000000000003,46.3
1800-1900 ,4202,19.4,0.6,13.2,56
1900-2000 ,4202,29.2,1.1,6.1,54.1
2000-2100 ,4202,27.8,0.7,8.700000000000001,51
2100-2200 ,4202,37.7,0.2,8.1,43.6
2200-2300 ,4202,36.1,0,8.0,44.4
0700-0800 ,2201,35.6,6.1,8.3,24.8
0800-0900 ,2201,26.6,1.8,7.6,49.5
0900-1000 ,2201,31.5,1,14.399999999999999,42.6
1000-1100 ,2201,30.6,1.1,16.2,39.2
1100-1200 ,2201,28.8,1.7,14.7,38.2
1200-1300 ,2201,25.5,3,14.0,40
1300-1400 ,2201,26,3.6,18.2,30.6
1400-1500 ,2201,34.1,2,12.299999999999999,38.1
1500-1600 ,2201,29.2,2.1,19.4,34.3
1600-1700 ,2201,29,1.6,13.3,43.1
1700-1800 ,2201,29.4,3,10.5,41.4
1800-1900 ,2201,26.1,1.8,5.3,55.5
1900-2000 ,2201,32.7,0.2,4.4,49.3
2000-2100 ,2201,45.8,0,1.8,35.4
2100-2200 ,2201,43.3,0,2.2,35.8
2200-2300 ,2201,41.5,0.5,2.6,37.3
0700-0800 ,6212,12.1,2,15.399999999999999,59
0800-0900 ,6212,10.4,0,26.700000000000003,54.9
0900-1000 ,6212,10.2,0,31.2,53.1
1000-1100 ,6212,14.3,0,36.1,46.4
1100-1200 ,6212,13.4,0,37.4,42.4
1200-1300 ,6212,10.5,1.1,22.1,57.2
1300-1400 ,6212,8.5,0.7,28.7,54.7
1400-1500 ,6212,5.8,0,37.599999999999994,48
1500-1600 ,6212,5.8,0,36.7,51.2
1600-1700 ,6212,4.5,0.6,28.3,61.1
1700-1800 ,6212,8.4,0,29.0,55.7
1800-1900 ,6212,11.2,0.8,13.100000000000001,71.6
1900-2000 ,6212,16.4,1.7,9.7,64.6
2000-2100 ,6212,17.1,0,6.5,71.7
2100-2200 ,6212,32,0,5.699999999999999,50.3
2200-2300 ,6212,18.5,1,7.8,65.4
0700-0800 ,4203,26,5.3,25.5,28.4
0800-0900 ,4203,19.2,2.2,16.7,46.7
0900-1000 ,4203,20.2,0.4,24.8,42.6
1000-1100 ,4203,24.5,0.2,25.9,38.7
1100-1200 ,4203,24,1.4,29.7,29.1
1200-1300 ,4203,24.8,0.9,22.3,38.8
1300-1400 ,4203,23.8,1.8,25.2,32.4
1400-1500 ,4203,21.4,0.9,25.2,41.1
1500-1600 ,4203,23.1,0.5,20.6,44
1600-1700 ,4203,23.9,0.5,18.7,45.2
1700-1800 ,4203,23,0.5,17.8,44.4
1800-1900 ,4203,20.5,0.4,11.5,52.7
1900-2000 ,4203,26.9,0.3,5.699999999999999,53.9
2000-2100 ,4203,33.6,0,6.4,49.4
2100-2200 ,4203,43.2,0.3,6.3,37.8
2200-2300 ,4203,37.1,0.5,4.1,42
0700-0800 ,4210,27.3,3,36.3,21.2
0800-0900 ,4210,12.3,0,64.4,12.3
0900-1000 ,4210,11.7,1.1,58.5,22.3
1000-1100 ,4210,9.2,0,49.2,36.9
1100-1200 ,4210,6.2,1.2,66.7,21
1200-1300 ,4210,6.3,1.3,55.0,27.5
1300-1400 ,4210,12.4,0,46.0,36
1400-1500 ,4210,5.5,0,46.2,37.4
1500-1600 ,4210,10.7,0,29.799999999999997,46.4
1600-1700 ,4210,5.1,0,48.099999999999994,35.4
1700-1800 ,4210,10.8,0,25.7,52.7
1800-1900 ,4210,10.5,0,25.0,47.4
1900-2000 ,4210,24.3,2.7,10.8,44.6
2000-2100 ,4210,28.6,0,14.2,46.9
2100-2200 ,4210,24.5,0,16.299999999999997,51
2200-2300 ,4210,24.2,0,12.1,48.5
0700-0800 ,3004,22.8,3.4,27.799999999999997,33.6
0800-0900 ,3004,13.9,2.1,22.6,53.3
0900-1000 ,3004,27.4,2.4,25.0,38.9
1000-1100 ,3004,29.8,1,31.8,31
1100-1200 ,3004,23.5,1.2,31.400000000000002,36.9
1200-1300 ,3004,25.7,1.6,31.099999999999998,36
1300-1400 ,3004,25,1.4,32.6,34.8
1400-1500 ,3004,23.5,1.8,28.0,39.7
1500-1600 ,3004,24.3,2.1,29.7,37.4
1600-1700 ,3004,23.8,2.1,21.5,43.3
1700-1800 ,3004,19.2,1.9,15.299999999999999,50.4
1800-1900 ,3004,18.4,1.2,11.8,61.5
1900-2000 ,3004,24.1,2.2,8.0,59
2000-2100 ,3004,32.2,0.6,12.2,48.2
2100-2200 ,3004,31.6,1,9.0,50.9
2200-2300 ,3004,31.3,1.2,6.0,53.2
0700-0800 ,2403,48.8,14.2,4.800000000000001,15.7
0800-0900 ,2403,40.2,14.5,5.1,28.2
0900-1000 ,2403,39.8,9.2,9.200000000000001,31.4
1000-1100 ,2403,36.9,5.9,10.1,36.1
1100-1200 ,2403,34,6.6,8.299999999999999,38.1
1200-1300 ,2403,38.1,5,1.7,41.4
1300-1400 ,2403,33,5.3,4.3,47.9
1400-1500 ,2403,38.1,6.4,4.8,39.7
1500-1600 ,2403,20.9,6,7,57.7
1600-1700 ,2403,31.7,4.9,4.1,50.4
1700-1800 ,2403,33.6,9,4.4,43.3
1800-1900 ,2403,44.7,6,0,41.1
1900-2000 ,2403,45.3,6.8,1.4,35.2
2000-2100 ,2403,56.1,4.1,1,19.4
2100-2200 ,2403,59.7,1.3,3.8,26.7
2200-2300 ,2403,62.1,0,0,29.9
0700-0800 ,6219,29.9,4.6,31.1,19.9
0800-0900 ,6219,24.9,2.7,34.3,28.1
0900-1000 ,6219,25.4,1,38.4,26.2
1000-1100 ,6219,18.9,0.7,53.9,19.3
1100-1200 ,6219,16.7,1.1,56.2,16.6
1200-1300 ,6219,17,1.8,48.5,20.8
1300-1400 ,6219,14.7,3.6,51.2,20
1400-1500 ,6219,12.3,2.8,52.099999999999994,23.1
1500-1600 ,6219,14.1,1.5,56.3,18.3
1600-1700 ,6219,13.5,2,50.3,24.9
1700-1800 ,6219,14.1,2.2,44.0,26.1
1800-1900 ,6219,18.1,3.8,24.8,41.7
1900-2000 ,6219,23,2.6,18.4,41.7
2000-2100 ,6219,28,1.7,18.5,32.5
2100-2200 ,6219,34.1,1.5,18.5,30.2
2200-2300 ,6219,31.4,0,13.8,36.6
0700-0800 ,4219,13.8,3.4,16.7,54.1
0800-0900 ,4219,13.2,2.7,20.6,55.9
0900-1000 ,4219,13,0.2,31.0,50
1000-1100 ,4219,14.1,0.2,29.099999999999998,50.8
1100-1200 ,4219,14.3,1,30.400000000000002,48
1200-1300 ,4219,16.6,1,27.0,48.8
1300-1400 ,4219,12,1.2,30.799999999999997,47.9
1400-1500 ,4219,12.5,0.7,35.1,44.4
1500-1600 ,4219,13.7,0.7,27.1,52.5
1600-1700 ,4219,12.9,0.8,24.1,55.3
1700-1800 ,4219,9.9,1.6,20.6,58.5
1800-1900 ,4219,11.3,0.8,8.799999999999999,68.7
1900-2000 ,4219,14.5,0.8,5.6000000000000005,72.5
2000-2100 ,4219,19.4,0.4,7.6000000000000005,64.1
2100-2200 ,4219,20.1,0.2,11.2,59.1
2200-2300 ,4219,18.4,1,6.3,66.3
0700-0800 ,5030,14.2,3.4,31.799999999999997,38.4
0800-0900 ,5030,13.4,1.8,32.8,42
0900-1000 ,5030,12.3,1.1,41.400000000000006,37.2
1000-1100 ,5030,12.7,0.6,48.2,31.4
1100-1200 ,5030,10.8,0.8,47.400000000000006,32.8
1200-1300 ,5030,12.2,1.4,41.7,36.5
1300-1400 ,5030,10.5,1.3,47.8,32.8
1400-1500 ,5030,11,1.1,45.3,34.1
1500-1600 ,5030,11.9,0.4,44.0,36.5
1600-1700 ,5030,11.7,0.9,41.3,36.6
1700-1800 ,5030,11.8,1.5,33.2,41.5
1800-1900 ,5030,10.9,1.9,20.299999999999997,54.5
1900-2000 ,5030,15.3,1.7,17.5,55.4
2000-2100 ,5030,18.7,1,16.8,51.9
2100-2200 ,5030,20.4,1.3,16.6,51.5
2200-2300 ,5030,23.2,0.8,17.1,46.9
0700-0800 ,4209,33,1.9,29.2,15.5
0800-0900 ,4209,19.3,7,33.4,17.5
0900-1000 ,4209,15.1,0.8,39.3,31
1000-1100 ,4209,28.6,1.4,32.7,29.9
1100-1200 ,4209,30.3,0.6,30.3,27.3
1200-1300 ,4209,23.5,1.2,34.0,26.6
1300-1400 ,4209,25.6,0,28.7,35.4
1400-1500 ,4209,25.4,1.3,24.799999999999997,35.6
1500-1600 ,4209,31.7,0.6,28.9,29.4
1600-1700 ,4209,25.9,0,23.4,38.5
1700-1800 ,4209,36.9,0,9.2,41.2
1800-1900 ,4209,31,1.4,12,41.6
1900-2000 ,4209,41.3,0,7.4,41.9
2000-2100 ,4209,38.6,0,6.7,43.5
2100-2200 ,4209,41.8,0,8.2,41.8
2200-2300 ,4209,36.8,0,3.5,52.5
0700-0800 ,4206,12.3,14.5,10.5,52.3
0800-0900 ,4206,9.7,7,20.7,55.9
0900-1000 ,4206,9.1,3,21,60.2
1000-1100 ,4206,15.8,2.4,27.5,44.9
1100-1200 ,4206,15.3,2.7,27.099999999999998,47.4
1200-1300 ,4206,13.6,4.4,16.5,57.8
1300-1400 ,4206,17.9,3.3,17.2,57.2
1400-1500 ,4206,14.9,3.6,22.1,50
1500-1600 ,4206,17.8,2.3,20.099999999999998,53.4
1600-1700 ,4206,16.5,3.8,16.9,56.5
1700-1800 ,4206,16.3,2.1,12.8,59.7
1800-1900 ,4206,8.6,3.9,7.699999999999999,73.3
1900-2000 ,4206,11.8,2.1,6.4,75.7
2000-2100 ,4206,19.9,3.1,6.1,64.4
2100-2200 ,4206,16.5,1.9,8.9,64.2
2200-2300 ,4206,13.1,2.8,7.6,67
0700-0800 ,2216,26.9,3.6,20.3,38.5
0800-0900 ,2216,22.8,3.4,16.2,52
0900-1000 ,2216,23.1,0.8,20.7,51.1
1000-1100 ,2216,22.2,0.5,24.400000000000002,48.5
1100-1200 ,2216,23.9,1.1,25.2,44.5
1200-1300 ,2216,18.5,1.6,24.9,51.6
1300-1400 ,2216,22.8,2.3,22.7,47.6
1400-1500 ,2216,24.6,1,21.6,49
1500-1600 ,2216,22,0.8,22.3,50.2
1600-1700 ,2216,23.5,1.6,18.900000000000002,49.4
1700-1800 ,2216,21.8,2.4,15.0,53.7
1800-1900 ,2216,26.6,3.8,8.200000000000001,53.8
1900-2000 ,2216,27.7,1.5,6.0,60.6
2000-2100 ,2216,34.9,1.1,4.6,54.1
2100-2200 ,2216,42,0.6,7.6,43.4
2200-2300 ,2216,31,0.5,6.2,56.8
0700-0800 ,1007,39.7,2.7,10.9,18.4
0800-0900 ,1007,28.2,4.6,9.2,36.6
0900-1000 ,1007,24.7,0.9,13.1,47
1000-1100 ,1007,26.3,0.7,16.9,43.6
1100-1200 ,1007,27.3,0.7,13.8,40.8
1200-1300 ,1007,27.5,0.7,9.5,47.7
1300-1400 ,1007,29,1.2,11.100000000000001,41.9
1400-1500 ,1007,26.8,0.3,10.8,43.9
1500-1600 ,1007,26.8,0.6,11.8,43.8
1600-1700 ,1007,23.9,0.5,9.799999999999999,46.3
1700-1800 ,1007,28.6,1.1,5.800000000000001,46
1800-1900 ,1007,32,1,2.2,42.5
1900-2000 ,1007,31.8,1,1.5,49.1
2000-2100 ,1007,34.8,0.2,2.2,39.6
2100-2200 ,1007,42.3,0.5,2.3,30.7
2200-2300 ,1007,38.7,0.5,1.3,35.2
0700-0800 ,1032,33.2,2.8,15.6,38.9
0800-0900 ,1032,31.7,1.9,13.399999999999999,47.4
0900-1000 ,1032,31,0.9,13.700000000000001,51.4
1000-1100 ,1032,29.6,0.9,17.7,47.7
1100-1200 ,1032,23.8,1.3,23.8,45.8
1200-1300 ,1032,22.3,2.8,22.099999999999998,48.4
1300-1400 ,1032,25.7,2.4,19.3,47.4
1400-1500 ,1032,21.4,1.7,24.1,50.3
1500-1600 ,1032,26.3,2.3,19.2,46.7
1600-1700 ,1032,23,1.9,17.0,52
1700-1800 ,1032,22.7,3.9,13.6,51.8
1800-1900 ,1032,25.2,1.8,5.0,61.5
1900-2000 ,1032,21.1,1.8,6.2,67
2000-2100 ,1032,27.2,0.3,3.3,66
2100-2200 ,1032,30.3,0.7,8.0,55.2
2200-2300 ,1032,30.1,0.8,7.5,54.5
0700-0800 ,6211,7.9,2.8,14.8,64.8
0800-0900 ,6211,10.8,4.1,12.5,65.3
0900-1000 ,6211,16.8,3.9,15.2,56.6
1000-1100 ,6211,11.8,2.7,22,55.4
1100-1200 ,6211,10.5,3.2,17.799999999999997,57.2
1200-1300 ,6211,11.2,3.9,18.200000000000003,54.3
1300-1400 ,6211,8.3,3.5,21.5,55.6
1400-1500 ,6211,9.8,3.8,20.8,58.5
1500-1600 ,6211,14.2,4.1,18.6,51.5
1600-1700 ,6211,10,3.6,18.700000000000003,56.1
1700-1800 ,6211,10.6,3.3,17.1,56.4
1800-1900 ,6211,12,2.4,9.1,66.4
1900-2000 ,6211,11.4,3.5,7.4,65.4
2000-2100 ,6211,10.8,3.9,5.9,67.4
2100-2200 ,6211,13.9,3.2,6.1,67.1
2200-2300 ,6211,13,3.9,9.600000000000001,62.6
0700-0800 ,4217,11.9,4.5,16.900000000000002,43.5
0800-0900 ,4217,14.8,2.9,19.0,44.6
0900-1000 ,4217,17.9,1.3,22.3,38.6
1000-1100 ,4217,20.8,0.7,25.200000000000003,35.6
1100-1200 ,4217,23.6,0.7,22.200000000000003,34.9
1200-1300 ,4217,23,2,18.700000000000003,37.3
1300-1400 ,4217,20.9,3.6,18.2,37.6
1400-1500 ,4217,17.7,1.4,20.5,42.1
1500-1600 ,4217,22,0.9,22.2,37.9
1600-1700 ,4217,17.3,1.1,21.3,41.5
1700-1800 ,4217,16.4,2.2,16.2,45
1800-1900 ,4217,17.3,1.9,11.0,48.8
1900-2000 ,4217,20.4,0.2,8.299999999999999,49.1
2000-2100 ,4217,26.1,0.3,7.199999999999999,46
2100-2200 ,4217,27.7,0.3,6.0,44.7
2200-2300 ,4217,27.7,0.3,6.3999999999999995,43
0700-0800 ,3103,44.8,5.2,13.8,20.7
0800-0900 ,3103,22.2,3.7,7.4,51.9
0900-1000 ,3103,41.2,2.4,17.6,22.4
1000-1100 ,3103,45.9,1.4,13.5,24.3
1100-1200 ,3103,42.5,1.9,14.2,30.2
1200-1300 ,3103,41.5,4.3,16,26.6
1300-1400 ,3103,31,1.4,16.9,35.2
1400-1500 ,3103,35.3,2.4,14.1,34.1
1500-1600 ,3103,38.6,0,7.9,41.6
1600-1700 ,3103,31.7,1.9,12.5,41.3
1700-1800 ,3103,30,0,10.100000000000001,38.8
1800-1900 ,3103,35,3.8,10,33.8
1900-2000 ,3103,26.4,0,9.7,44.4
2000-2100 ,3103,37,1.2,4.9,35.8
2100-2200 ,3103,46,0,6.4,27
2200-2300 ,3103,44.7,2.1,4.3,38.3
0700-0800 ,1022,7.9,2,20.5,54.1
0800-0900 ,1022,4.3,1.2,24.9,53.8
0900-1000 ,1022,7.9,1.7,34.5,43.8
1000-1100 ,1022,9.1,1.5,41.1,39.1
1100-1200 ,1022,9.1,1.3,41.0,39.8
1200-1300 ,1022,10.1,1.5,36.5,43.4
1300-1400 ,1022,8.3,1.5,36.4,45
1400-1500 ,1022,9.3,2.2,34.0,46.8
1500-1600 ,1022,9.1,1,30.299999999999997,49.9
1600-1700 ,1022,6.9,2.2,27.2,52.5
1700-1800 ,1022,7.5,1.7,20.4,55.3
1800-1900 ,1022,6.2,0.8,13.9,63.6
1900-2000 ,1022,11.8,0.9,12.299999999999999,64.3
2000-2100 ,1022,24.5,0.7,11.2,52.2
2100-2200 ,1022,27.6,0.5,9.899999999999999,51.9
2200-2300 ,1022,27.3,0.5,8.6,52.3
0700-0800 ,2408,33.6,0,23.5,20.2
0800-0900 ,2408,31.5,12.2,13.2,39.6
0900-1000 ,2408,24.4,3.6,5.4,60.5
1000-1100 ,2408,17.3,6.5,18.400000000000002,55
1100-1200 ,2408,20.6,1.8,18.799999999999997,52.9
1200-1300 ,2408,23.1,1.9,22.1,50
1300-1400 ,2408,11.7,4.1,5.9,75.8
1400-1500 ,2408,14.4,5,17.3,62
1500-1600 ,2408,21.3,5.1,18.0,53.7
1600-1700 ,2408,19.7,6.6,15.899999999999999,52.6
1700-1800 ,2408,18.7,11.2,6.6,59
1800-1900 ,2408,20.2,3.6,4.7,64.7
1900-2000 ,2408,10.9,4.2,0.8,80.3
2000-2100 ,2408,16.3,0,0,78.9
2100-2200 ,2408,25,3.6,0,64.3
2200-2300 ,2408,25.8,4.3,0,55.9
0700-0800 ,5024,6.6,3.9,16.0,64.6
0800-0900 ,5024,7,2.3,22.5,59.9
0900-1000 ,5024,13.2,1.8,28.900000000000002,46.3
1000-1100 ,5024,16.9,0.6,28.900000000000002,48.1
1100-1200 ,5024,15.6,1.9,28.1,47.4
1200-1300 ,5024,15.2,1.9,23.3,51.9
1300-1400 ,5024,12.9,2.5,23.7,53.2
1400-1500 ,5024,11.6,1.7,28.700000000000003,51.7
1500-1600 ,5024,13.9,0.9,27.4,51.2
1600-1700 ,5024,17.9,1.7,26.1,46.4
1700-1800 ,5024,11,1.5,17.3,59.2
1800-1900 ,5024,10.6,1.3,12.1,67.9
1900-2000 ,5024,12.9,1.2,10.7,69.2
2000-2100 ,5024,17.5,0.9,10.7,62.8
2100-2200 ,5024,22.4,0.9,7.800000000000001,61.1
2200-2300 ,5024,26.7,0.5,6.699999999999999,59.4
0700-0800 ,5026,13.8,2.5,33.0,40.9
0800-0900 ,5026,13.9,2.4,30.700000000000003,45.6
0900-1000 ,5026,15.2,1.3,38.0,39.8
1000-1100 ,5026,17.4,0.6,45.4,31.4
1100-1200 ,5026,14.8,1.2,44.099999999999994,34.5
1200-1300 ,5026,14.3,1.8,41.0,37.2
1300-1400 ,5026,12.8,1.8,40.4,39.5
1400-1500 ,5026,13.1,1.4,41.8,38.3
1500-1600 ,5026,12.2,1.4,41.6,38.6
1600-1700 ,5026,14.7,1.5,38.2,39.5
1700-1800 ,5026,11.6,1.4,30.7,48.1
1800-1900 ,5026,12.1,1.6,19.2,59.3
1900-2000 ,5026,13.7,0.9,14.2,63.1
2000-2100 ,5026,20,1.3,15.5,55.2
2100-2200 ,5026,19.7,1.5,15.3,53.8
2200-2300 ,5026,26.6,0.6,12.5,51.6
0700-0800 ,5023,16,2.3,19.5,44.1
0800-0900 ,5023,22.8,2.7,19.8,40.5
0900-1000 ,5023,17.4,0.9,24.700000000000003,37.5
1000-1100 ,5023,31.2,0.5,19.9,29.6
1100-1200 ,5023,17.2,1.8,25.799999999999997,33.7
1200-1300 ,5023,25.7,4.8,22.700000000000003,29.9
1300-1400 ,5023,15.8,5.1,32.8,23.4
1400-1500 ,5023,24,1.2,22.1,33.8
1500-1600 ,5023,19.3,0.6,29.5,33.2
1600-1700 ,5023,25.8,2.3,22.9,34.2
1700-1800 ,5023,23.5,3.1,19.099999999999998,32.2
1800-1900 ,5023,21.1,2.2,15.3,45.1
1900-2000 ,5023,29.3,0,9.1,45
2000-2100 ,5023,35.2,0,14.700000000000001,33.9
2100-2200 ,5023,33.1,1.6,5.6,37.9
2200-2300 ,5023,37,0,5.9,39.3
0700-0800 ,5016,6.8,1.9,31.3,52.7
0800-0900 ,5016,6.7,2.2,32.5,52.4
0900-1000 ,5016,4.4,1,42.099999999999994,47.7
1000-1100 ,5016,5.2,1.1,53.599999999999994,35.6
1100-1200 ,5016,4.8,1.3,48.0,40.7
1200-1300 ,5016,5.2,1.5,44.7,42.4
1300-1400 ,5016,5.5,1,44.3,44.2
1400-1500 ,5016,4.9,1.5,48.6,39
1500-1600 ,5016,3.7,1,52.6,38.5
1600-1700 ,5016,4.5,1.1,46.7,42.1
1700-1800 ,5016,4.3,1.7,37.1,49.7
1800-1900 ,5016,5.1,2.6,21.5,63.6
1900-2000 ,5016,5.1,1.9,19.6,65.6
2000-2100 ,5016,8.4,0.8,20.3,62.6
2100-2200 ,5016,10.1,1.8,17.2,63.7
2200-2300 ,5016,10.7,1.3,18.7,62.2
0700-0800 ,6209,9.7,8.2,17.9,43.1
0800-0900 ,6209,11.3,4.8,14.3,53.5
0900-1000 ,6209,21.3,0.9,16.0,47
1000-1100 ,6209,17.2,3.6,22.7,37.2
1100-1200 ,6209,10.1,4.5,14.6,49.3
1200-1300 ,6209,15.5,2.1,10.3,47.5
1300-1400 ,6209,11.3,6,16.5,37.5
1400-1500 ,6209,12.6,1.9,20.299999999999997,41.5
1500-1600 ,6209,16.9,1.8,15.200000000000001,46.3
1600-1700 ,6209,9.9,2.5,11.6,53.7
1700-1800 ,6209,14.1,1.3,11.4,59.1
1800-1900 ,6209,12.5,2.8,3.4,67.5
1900-2000 ,6209,10.2,1.2,2.4,68.4
2000-2100 ,6209,17.3,2.6,1.7,60.6
2100-2200 ,6209,12.5,1,2.9,63.5
2200-2300 ,6209,25.8,0.8,1.7,59.2
0700-0800 ,2204,13.5,7.4,0,47.9
0800-0900 ,2204,14.2,10.5,6,50.9
0900-1000 ,2204,17,1.4,4.2,64.3
1000-1100 ,2204,29.7,1.5,13.0,40.3
1100-1200 ,2204,24.7,2.8,13.7,48.8
1200-1300 ,2204,24.2,5.1,9.5,47.6
1300-1400 ,2204,20.5,6.6,12.6,48.2
1400-1500 ,2204,23.1,3.6,7.9,54.1
1500-1600 ,2204,21.5,2.6,7.2,56.6
1600-1700 ,2204,25.4,5.9,6.5,47
1700-1800 ,2204,17.3,2,2,60
1800-1900 ,2204,19.5,0.7,4.9,62.7
1900-2000 ,2204,26.2,1.6,1.6,56.6
2000-2100 ,2204,35.3,0,0.9,47.4
2100-2200 ,2204,27.6,1.1,4.2,49.9
2200-2300 ,2204,44.7,1.4,0,39.3
0700-0800 ,3006,20.2,0,14.3,12.7
0800-0900 ,3006,18.6,0.4,14.0,29.4
0900-1000 ,3006,20.5,0.5,21.5,19.2
1000-1100 ,3006,32.1,0,23.1,17.5
1100-1200 ,3006,32.1,0.4,17.7,20.2
1200-1300 ,3006,30.2,0,14.899999999999999,23.6
1300-1400 ,3006,27.9,0.6,18.8,21.7
1400-1500 ,3006,35.5,0,13.299999999999999,20.9
1500-1600 ,3006,32.9,0,13.9,24.5
1600-1700 ,3006,27.1,0,12.2,31.9
1700-1800 ,3006,31.2,0,8,28.4
1800-1900 ,3006,29.1,0,5.7,28
1900-2000 ,3006,35.9,0,6.5,29.4
2000-2100 ,3006,37,0,4.699999999999999,29.7
2100-2200 ,3006,34.9,0,6.0,29.7
2200-2300 ,3006,36,0,6.699999999999999,27.1
0700-0800 ,4207,37.6,2.7,17.9,13.4
0800-0900 ,4207,33.4,5.7,10.5,28.2
0900-1000 ,4207,36.2,2.3,17.6,27.8
1000-1100 ,4207,43.6,1.5,19.5,19.5
1100-1200 ,4207,36.4,1.2,20.4,17.9
1200-1300 ,4207,36.4,1.4,19.599999999999998,25.4
1300-1400 ,4207,35.4,0.5,18.0,24.6
1400-1500 ,4207,30.9,0.6,22.4,26.9
1500-1600 ,4207,36.8,2.3,18.4,27.6
1600-1700 ,4207,25.8,1.3,19.9,33.1
1700-1800 ,4207,28.5,0.6,11.9,39.8
1800-1900 ,4207,28.7,1.8,7.300000000000001,47.8
1900-2000 ,4207,31.3,1.7,1.7,47.9
2000-2100 ,4207,36.6,1.5,7.5,32.9
2100-2200 ,4207,39.7,1.1,7.699999999999999,26.4
2200-2300 ,4207,35.5,0,5.8,39.6
0700-0800 ,5029,6.4,1.7,33.5,48.2
0800-0900 ,5029,7.7,1.4,37.8,44.4
0900-1000 ,5029,6.1,0.1,44.5,43.4
1000-1100 ,5029,6.1,0,46.8,38.4
1100-1200 ,5029,6.7,0.6,42.900000000000006,41.5
1200-1300 ,5029,4.2,0.2,43.5,43
1300-1400 ,5029,6.1,0.4,50.2,35.5
1400-1500 ,5029,5.2,0,46.2,40.8
1500-1600 ,5029,5.1,0.2,43.5,44.4
1600-1700 ,5029,3.5,0.7,47.2,40.2
1700-1800 ,5029,6,0.3,32.3,48.3
1800-1900 ,5029,6.6,0.7,21.6,60.6
1900-2000 ,5029,6.6,1.2,13.100000000000001,66.9
2000-2100 ,5029,11.6,0.3,14.6,59.7
2100-2200 ,5029,10.1,0,18.0,57.5
2200-2300 ,5029,12.7,0.3,15.399999999999999,58.1
0700-0800 ,1021,14.2,7.7,10.700000000000001,53.8
0800-0900 ,1021,13.7,3.2,11.600000000000001,60.8
0900-1000 ,1021,13.9,1.1,20.6,54.7
1000-1100 ,1021,6.6,5.9,24.400000000000002,50.2
1100-1200 ,1021,9.9,2.5,19.1,57.1
1200-1300 ,1021,11,2.2,17.0,58.2
1300-1400 ,1021,3.8,3,15.2,64.6
1400-1500 ,1021,10.8,4.1,17.6,54.1
1500-1600 ,1021,14.9,4.4,16.0,56.7
1600-1700 ,1021,13.9,7.4,19.9,46.2
1700-1800 ,1021,13.4,1.5,11.3,60.2
1800-1900 ,1021,11.9,1.3,5.7,70
1900-2000 ,1021,15.6,2.6,0.7,68.8
2000-2100 ,1021,17.8,1,4.2,67.9
2100-2200 ,1021,23,0,6.8999999999999995,59.8
2200-2300 ,1021,13.4,0,6.7,67.2
0700-0800 ,3001,13.3,4.4,10.9,61.8
0800-0900 ,3001,9.2,1.7,16.1,64.1
0900-1000 ,3001,15.1,1.4,19.7,56.1
1000-1100 ,3001,22.4,1.4,21.2,50.3
1100-1200 ,3001,23.1,1.6,17.1,52.9
1200-1300 ,3001,18,1.5,15.5,60.7
1300-1400 ,3001,16.8,1.7,16.8,58.6
1400-1500 ,3001,18,1.3,18.4,57.6
1500-1600 ,3001,17.5,1.1,16.0,61.2
1600-1700 ,3001,19.3,1.9,11.9,61.3
1700-1800 ,3001,18.1,2.1,10.5,62.6
1800-1900 ,3001,14.9,1.7,7.0,70.4
1900-2000 ,3001,15.9,0.9,6.3,71
2000-2100 ,3001,21,1.7,5.4,68.2
2100-2200 ,3001,24.8,1.2,4.9,63.4
2200-2300 ,3001,20.2,0.7,5.0,69.9
0700-0800 ,2402,33.3,0,33.3,25.9
0800-0900 ,2402,37.8,0,24.4,31.1
0900-1000 ,2402,26.5,0,21.7,44.6
1000-1100 ,2402,20.3,0,31.3,34.4
1100-1200 ,2402,17.4,0,33.3,44.9
1200-1300 ,2402,22.4,0,15.5,51.7
1300-1400 ,2402,34.5,0,25.8,31
1400-1500 ,2402,22.8,0,17.5,50.9
1500-1600 ,2402,22.6,0,15.1,56.6
1600-1700 ,2402,15.8,0,21.1,56.1
1700-1800 ,2402,20,0,10,56.7
1800-1900 ,2402,7.5,0,15,67.5
1900-2000 ,2402,16.7,0,1.7,71.7
2000-2100 ,2402,14.8,0,7.4,63
2100-2200 ,2402,17.4,0,8.6,65.2
2200-2300 ,2402,35.3,0,11.8,47.1
0700-0800 ,4220,28.9,3.4,14.1,27.2
0800-0900 ,4220,18.9,1.8,17.1,42.9
0900-1000 ,4220,19,0.4,27.0,31.7
1000-1100 ,4220,22.4,1.3,29.5,28.1
1100-1200 ,4220,13.8,2.5,21.3,37
1200-1300 ,4220,19,3.3,25.7,31.6
1300-1400 ,4220,11,6.1,22.7,42
1400-1500 ,4220,14.1,0.9,22.7,42.7
1500-1600 ,4220,7.6,3.1,24.7,40.4
1600-1700 ,4220,10.5,1.4,22.3,42.3
1700-1800 ,4220,20.7,1.2,14.299999999999999,38.6
1800-1900 ,4220,16,0.8,10.0,50.2
1900-2000 ,4220,15.7,1.5,9.6,55.6
2000-2100 ,4220,14.5,1.4,6.1,54.1
2100-2200 ,4220,14.7,1.1,6.0,55.7
2200-2300 ,4220,20.6,1.1,6.9,50.9
0700-0800 ,2211,49.2,2.4,5.2,32.5
0800-0900 ,2211,36.2,3.4,4.2,51.4
0900-1000 ,2211,33.2,1.4,9.6,52.1
1000-1100 ,2211,28.7,1.1,11.7,54.1
1100-1200 ,2211,28.7,1.3,11.6,53.9
1200-1300 ,2211,29.9,2.1,9.6,49.8
1300-1400 ,2211,32.6,1.7,11.5,48.3
1400-1500 ,2211,29.9,0.8,11.4,52.1
1500-1600 ,2211,29.8,1.6,12.100000000000001,51.5
1600-1700 ,2211,28.1,1.2,11.5,53.1
1700-1800 ,2211,34,1.6,6.2,52.2
1800-1900 ,2211,33.3,1.3,4.0,51.4
1900-2000 ,2211,40.1,1.7,1.7,48.8
2000-2100 ,2211,46.4,1.3,2.1,42.3
2100-2200 ,2211,47.6,0,1.4,43.1
2200-2300 ,2211,48.4,0.3,0.6,42.8
0700-0800 ,5038,16.6,3.3,28.799999999999997,49.2
0800-0900 ,5038,12.8,2.5,26.0,57.2
0900-1000 ,5038,13.3,3.2,34.599999999999994,46.9
1000-1100 ,5038,17.4,1.2,39.7,40
1100-1200 ,5038,16.9,1.8,35.8,44.1
1200-1300 ,5038,15.4,2.2,33.8,46.7
1300-1400 ,5038,16.1,1.8,38.599999999999994,42.6
1400-1500 ,5038,12.2,1.7,38.8,46.6
1500-1600 ,5038,16.4,2.1,36.099999999999994,44.5
1600-1700 ,5038,11,2.4,37.0,48.7
1700-1800 ,5038,16.4,3.4,26.900000000000002,50.9
1800-1900 ,5038,12.2,2.8,16.0,67.6
1900-2000 ,5038,16.5,1.7,12.3,68.1
2000-2100 ,5038,22.1,2.3,16.6,57.8
2100-2200 ,5038,25.6,2.8,12.5,57.8
2200-2300 ,5038,26.1,5.5,13.0,54.7
0700-0800 ,5014,0,0,20,60.9
0800-0900 ,5014,2.8,0,19.7,66.5
0900-1000 ,5014,7.8,0,25.9,56.5
1000-1100 ,5014,2.2,1.1,25.1,59
1100-1200 ,5014,5.9,1.2,22.5,55.6
1200-1300 ,5014,2.5,0,27.3,60.7
1300-1400 ,5014,3.6,0,26.3,56.3
1400-1500 ,5014,4.1,0,30.8,55.4
1500-1600 ,5014,3.5,1.2,25.8,58.5
1600-1700 ,5014,4.7,0,21.8,61.6
1700-1800 ,5014,3.2,0.8,23.900000000000002,59
1800-1900 ,5014,4.8,0,13,62.8
1900-2000 ,5014,0.9,0,8.7,78.6
2000-2100 ,5014,1.7,0,10.1,67.2
2100-2200 ,5014,1.9,0,11.4,62.9
2200-2300 ,5014,10,0,6,71.6
0700-0800 ,4221,27.2,2,35.3,25.2
0800-0900 ,4221,34.1,2.9,14.700000000000001,43.7
0900-1000 ,4221,28.2,1.2,21.1,44.8
1000-1100 ,4221,32.9,0.8,32.5,29.3
1100-1200 ,4221,29.4,1.4,25.7,37.9
1200-1300 ,4221,32.8,0.8,21.599999999999998,41.7
1300-1400 ,4221,23.4,0.9,25.0,46.7
1400-1500 ,4221,25.7,1.9,26.099999999999998,42.8
1500-1600 ,4221,26,1.5,27.9,40.2
1600-1700 ,4221,23.7,1.5,15.6,52.5
1700-1800 ,4221,29.9,1.4,14.5,48.6
1800-1900 ,4221,24.2,0.3,8.8,61.6
1900-2000 ,4221,32.8,2.1,2.6,55.9
2000-2100 ,4221,43.5,0.7,5.9,44.2
2100-2200 ,4221,41.2,1.7,4.3,47.2
2200-2300 ,4221,36,0,4.9,54.5
0700-0800 ,3014,20.5,2.1,23.3,13.4
0800-0900 ,3014,17.9,1.4,18.6,35.2
0900-1000 ,3014,26.5,1.9,26.4,25.4
1000-1100 ,3014,16.3,0.5,32.6,29.4
1100-1200 ,3014,28.5,0,26.8,22.1
1200-1300 ,3014,24.6,0,25.900000000000002,21.9
1300-1400 ,3014,23.8,2.2,26.400000000000002,22.9
1400-1500 ,3014,25.3,0.9,33.8,18
1500-1600 ,3014,26,0.4,28.7,22
1600-1700 ,3014,14.7,1.8,24.8,30.3
1700-1800 ,3014,22.5,0.5,23.400000000000002,29.4
1800-1900 ,3014,28.1,0.9,10.700000000000001,32.4
1900-2000 ,3014,31.9,0.8,7.1000000000000005,35.7
2000-2100 ,3014,37.2,0.6,8.7,24.8
2100-2200 ,3014,47.7,0.7,6,13.4
2200-2300 ,3014,44.2,0.7,5.9,20.2
0700-0800 ,4211,39.5,2.3,13.7,24
0800-0900 ,4211,28,1.2,11.6,44.4
0900-1000 ,4211,21.2,1,16.5,50
1000-1100 ,4211,29,0.3,23.5,36.4
1100-1200 ,4211,22.4,2.7,20.3,42.4
1200-1300 ,4211,25.8,2.1,17.6,40.6
1300-1400 ,4211,26.4,2.6,16.7,42.8
1400-1500 ,4211,28.2,1.4,14.9,42.7
1500-1600 ,4211,30.8,1.9,18.1,39.2
1600-1700 ,4211,24.9,0.7,19.200000000000003,42
1700-1800 ,4211,24.5,2,11.7,47
1800-1900 ,4211,24.8,0.3,7.1,56
1900-2000 ,4211,26.7,0.7,5.4,53.5
2000-2100 ,4211,28.1,0.4,5.800000000000001,49.1
2100-2200 ,4211,30.7,0,9.1,42
2200-2300 ,4211,27.4,0.6,11.1,48.5
0700-0800 ,6206,13.2,3.9,27.700000000000003,42.6
0800-0900 ,6206,8.6,1.6,23.200000000000003,59.1
0900-1000 ,6206,9.8,0.4,38.300000000000004,44.2
1000-1100 ,6206,15.3,1.5,32.6,43.4
1100-1200 ,6206,14.8,1.2,37.2,39.1
1200-1300 ,6206,13,0.4,29.7,49.1
1300-1400 ,6206,9.8,3.6,29.799999999999997,49
1400-1500 ,6206,11.5,0.6,38,42.3
1500-1600 ,6206,17.4,0.4,34.6,40.2
1600-1700 ,6206,13.4,0.2,34.1,46.1
1700-1800 ,6206,11.2,1.8,23.9,53.2
1800-1900 ,6206,10.3,1.2,17.0,64.9
1900-2000 ,6206,12.6,1.7,16.7,60.4
2000-2100 ,6206,16.9,0.3,9.2,62.6
2100-2200 ,6206,18.1,0.7,13.9,54.7
2200-2300 ,6206,25,0,8.2,56.1
0700-0800 ,5018,26.9,3.1,16.2,33.2
0800-0900 ,5018,25.6,2.3,16.4,36.5
0900-1000 ,5018,24.4,1.4,24.6,33.5
1000-1100 ,5018,24.6,1.4,32.8,22.3
1100-1200 ,5018,19.2,2.9,26.799999999999997,29.7
1200-1300 ,5018,21.5,2.8,21.8,33.2
1300-1400 ,5018,17.3,3.8,21.8,34.1
1400-1500 ,5018,19,2.5,29.7,28.4
1500-1600 ,5018,21.3,2.6,25.4,29.6
1600-1700 ,5018,24.9,1.8,20.3,30
1700-1800 ,5018,19.4,2.9,19.599999999999998,36.1
1800-1900 ,5018,17.9,2.1,15.4,42.4
1900-2000 ,5018,22,0.5,8.899999999999999,45.6
2000-2100 ,5018,27.2,1.2,9.399999999999999,39.7
2100-2200 ,5018,29.5,1.2,9.1,38
2200-2300 ,5018,27,0.3,10.200000000000001,42
0700-0800 ,2202,26.7,7.4,1.2,51
0800-0900 ,2202,15.1,4,3.6,71.5
0900-1000 ,2202,20.6,3.2,7.1000000000000005,66
1000-1100 ,2202,16.1,0.6,17.0,62.4
1100-1200 ,2202,14.7,2.5,10.899999999999999,65.6
1200-1300 ,2202,12.7,1.7,14.4,65.9
1300-1400 ,2202,14.3,2.9,12.899999999999999,62.3
1400-1500 ,2202,15.5,1.9,10.2,68.3
1500-1600 ,2202,15.4,4.7,6.9,66.7
1600-1700 ,2202,16.3,2.2,5.6000000000000005,69.5
1700-1800 ,2202,13.4,1.5,4.4,73.5
1800-1900 ,2202,24.5,0.9,2.1,66.9
1900-2000 ,2202,21,1.5,1.2,71.1
2000-2100 ,2202,29.1,1.1,2.2,60.3
2100-2200 ,2202,28.4,0.7,1.4,61.7
2200-2300 ,2202,37.5,0.8,0.8,55.1
0700-0800 ,6208,10.4,3.1,16.6,54.2
0800-0900 ,6208,4.8,2.8,17.9,58.5
0900-1000 ,6208,7.1,0,24.7,51.7
1000-1100 ,6208,11.8,0,27.4,51
1100-1200 ,6208,6.9,0,35.3,45.2
1200-1300 ,6208,9.1,0.6,21.8,55.7
1300-1400 ,6208,9,0.6,23.900000000000002,54.8
1400-1500 ,6208,6.7,1.1,30,52.9
1500-1600 ,6208,11.5,0,26.1,52.9
1600-1700 ,6208,9.6,0.7,22.5,54.6
1700-1800 ,6208,10.7,0,11.4,62.6
1800-1900 ,6208,8.1,0.5,14.2,66.7
1900-2000 ,6208,3.3,1.3,6.0,79.5
2000-2100 ,6208,3.5,0.9,12.3,71.9
2100-2200 ,6208,8.2,0,9.2,74.7
2200-2300 ,6208,23.1,0,8.5,64
0700-0800 ,2205,30.1,8.9,2.5,54.7
0800-0900 ,2205,25.9,4.7,6.1,60.8
0900-1000 ,2205,31.4,0.8,10.700000000000001,54.2
1000-1100 ,2205,19.9,0.4,10.8,63.9
1100-1200 ,2205,21.2,1.2,11.6,62
1200-1300 ,2205,17.9,1.3,6.8,69.2
1300-1400 ,2205,23.5,2.8,10.8,57.3
1400-1500 ,2205,21.4,3.8,10.600000000000001,61
1500-1600 ,2205,19.5,3.8,9.7,64.5
1600-1700 ,2205,20.3,3,9,64.7
1700-1800 ,2205,26.5,1.2,4,65.4
1800-1900 ,2205,21.1,1.3,1.7,72.3
1900-2000 ,2205,15.9,1.1,1.9,78
2000-2100 ,2205,19.9,1.4,5.7,68.8
2100-2200 ,2205,32.1,1.2,1.2,56
2200-2300 ,2205,32.7,0.9,1.8,60
0700-0800 ,4205,36.5,1.2,10.3,37.7
0800-0900 ,4205,31,1.2,10.0,48.9
0900-1000 ,4205,30.5,0.8,15.1,45.4
1000-1100 ,4205,39.1,0.6,17.700000000000003,32.9
1100-1200 ,4205,36.1,0.9,12.3,38
1200-1300 ,4205,29,1.5,14.5,43.7
1300-1400 ,4205,32.9,2.1,12.899999999999999,38
1400-1500 ,4205,30.9,0.6,15.4,44.6
1500-1600 ,4205,33.8,0.5,16.0,38.6
1600-1700 ,4205,25.6,0.7,15.6,49.1
1700-1800 ,4205,24.1,0.6,13.9,49.6
1800-1900 ,4205,24.9,0.3,7.0,58.1
1900-2000 ,4205,25.9,0.4,1.5,58.2
2000-2100 ,4205,36.7,0.3,3.9,44.8
2100-2200 ,4205,33.9,0.4,4.3,45.6
2200-2300 ,4205,32.2,0.4,3.3,51.7
0700-0800 ,5042,10.9,1.3,31.0,46.4
0800-0900 ,5042,8.1,2,38.4,43.9
0900-1000 ,5042,8.4,2.1,51.4,31.3
1000-1100 ,5042,5.4,0.8,63.1,23.7
1100-1200 ,5042,7.6,2.8,59.2,22.8
1200-1300 ,5042,7.9,0.4,61.699999999999996,23.8
1300-1400 ,5042,9.6,1.8,67.2,14.9
1400-1500 ,5042,7.2,2.5,62.6,22.4
1500-1600 ,5042,4.5,1.3,60.5,27.8
1600-1700 ,5042,9.2,3.5,54.9,23.7
1700-1800 ,5042,5.5,3.6,44.2,35.9
1800-1900 ,5042,6.4,3.5,16.4,65.6
1900-2000 ,5042,13.2,3.5,24.3,51.2
2000-2100 ,5042,16.8,1.3,20.1,52.4
2100-2200 ,5042,20,1.8,25.5,42.4
2200-2300 ,5042,26.5,1.6,21.3,42.6
0700-0800 ,1026,20.9,3.9,20.9,38
0800-0900 ,1026,17.2,3.6,18.0,51.7
0900-1000 ,1026,18.1,0.4,22.3,53.1
1000-1100 ,1026,18.8,0.1,23.5,50.7
1100-1200 ,1026,15.5,0.7,27.4,50.3
1200-1300 ,1026,12.4,0.8,24.3,53.6
1300-1400 ,1026,15.2,1.2,24.1,51.8
1400-1500 ,1026,16.8,1.5,21.4,54.5
1500-1600 ,1026,12.2,1.7,20.900000000000002,58.1
1600-1700 ,1026,11.4,0.8,21.9,58.6
1700-1800 ,1026,12.5,0.5,18.2,59.5
1800-1900 ,1026,16.7,2.7,7.5,64
1900-2000 ,1026,15,1.4,3.6,71.6
2000-2100 ,1026,16.5,0.7,4.4,68.7
2100-2200 ,1026,26.2,0,5.199999999999999,52.3
2200-2300 ,1026,30.9,0.3,3.3,55.5
0700-0800 ,3025,18.3,2.7,33,34.8
0800-0900 ,3025,12.9,3,24.1,53.5
0900-1000 ,3025,34.4,1.2,20.1,41
1000-1100 ,3025,26.8,1.4,31.4,36.9
1100-1200 ,3025,21,0.8,27.5,46.9
1200-1300 ,3025,27.7,1.7,25.2,37.6
1300-1400 ,3025,15.6,4,27.1,41.7
1400-1500 ,3025,25.3,0.3,21.599999999999998,50.3
1500-1600 ,3025,15.8,1.5,27,51
1600-1700 ,3025,12.8,1.1,26.4,55
1700-1800 ,3025,23.7,1.3,14.9,50.6
1800-1900 ,3025,10.6,0.5,7.0,73.9
1900-2000 ,3025,18.2,0.5,3.5,74.1
2000-2100 ,3025,13.3,0,6.9,75.5
2100-2200 ,3025,27.8,0.4,3.6,62.7
2200-2300 ,3025,1.9,0,6.1,85.8
0700-0800 ,6207,9.6,0.3,24.9,52.5
0800-0900 ,6207,9.8,0.3,23.2,58.9
0900-1000 ,6207,11.3,0.3,31.400000000000002,50.1
1000-1100 ,6207,7.5,0,40.7,42.4
1100-1200 ,6207,7,0.3,33.3,52.7
1200-1300 ,6207,9.2,0.3,33.5,47.8
1300-1400 ,6207,8.6,0,28.5,53.3
1400-1500 ,6207,6.7,0,30.0,54.9
1500-1600 ,6207,4.6,0,30.9,57.6
1600-1700 ,6207,7.4,1.2,25.1,57.5
1700-1800 ,6207,5.5,0.5,26.7,57.1
1800-1900 ,6207,7.3,0,16.3,67.6
1900-2000 ,6207,9.5,0.5,8.7,72.8
2000-2100 ,6207,10.4,0.5,11.9,66.7
2100-2200 ,6207,19.9,0,10.3,57
2200-2300 ,6207,18.8,1.1,10.799999999999999,61.4
0700-0800 ,4212,24.3,2.4,21.9,27.8
0800-0900 ,4212,16.2,1.7,20.2,38.9
0900-1000 ,4212,28.9,1.3,24.099999999999998,24.5
1000-1100 ,4212,27.9,0.5,29.5,26.9
1100-1200 ,4212,26.3,1,28.400000000000002,29.1
1200-1300 ,4212,28,1,23.299999999999997,29.7
1300-1400 ,4212,23.3,1,26.3,31.8
1400-1500 ,4212,17.9,1.1,25.0,37.5
1500-1600 ,4212,22.3,1.8,24.900000000000002,30.8
1600-1700 ,4212,18.1,0.7,21.3,39.9
1700-1800 ,4212,21.2,2.8,12.7,37.6
1800-1900 ,4212,21.1,0.3,10.2,43.5
1900-2000 ,4212,22.4,0.6,9.0,45.8
2000-2100 ,4212,32.6,0.3,13.8,35
2100-2200 ,4212,28,0.3,6.8999999999999995,39.4
2200-2300 ,4212,33.9,0,7.8,38.5
0700-0800 ,2208,41.7,0,23.9,23.8
0800-0900 ,2208,34.7,1.1,21.0,30.7
0900-1000 ,2208,33.6,0,16.6,39.6
1000-1100 ,2208,39,0,26.900000000000002,26.9
1100-1200 ,2208,26.5,0.5,23.4,39.7
1200-1300 ,2208,30.8,0.8,14.4,43.9
1300-1400 ,2208,23.3,1,18.1,46
1400-1500 ,2208,25.8,1,16.7,47.5
1500-1600 ,2208,28.8,1.1,11.4,50
1600-1700 ,2208,26.4,0.5,9.1,55.3
1700-1800 ,2208,38.5,0,9.1,43.7
1800-1900 ,2208,28,0.5,2.4,57.8
1900-2000 ,2208,31.6,0.5,2.5,46.6
2000-2100 ,2208,41.1,0,4,39.9
2100-2200 ,2208,37.9,0,8,38.9
2200-2300 ,2208,39.3,0,4.4,41.5
